time,open,high,low,close,rsi1,rsi2,sma
2024-07-19 04:00:00,157.204,157.363,157.193,157.338,100.0,100.0,157.27100000000002
2024-07-19 04:30:00,157.338,157.523,157.311,157.448,100.0,100.0,157.393
2024-07-19 05:00:00,157.448,157.484,157.335,157.395,93.6635354397949,97.0102345072124,157.4215
2024-07-19 05:30:00,157.396,157.513,157.367,157.411,93.80185999888602,97.0390152561622,157.40300000000002
2024-07-19 06:00:00,157.412,157.437,157.381,157.414,93.83131728810707,97.04475964368739,157.4125
2024-07-19 06:30:00,157.414,157.414,157.319,157.366,86.18536320480851,93.90566773241324,157.39
2024-07-19 07:00:00,157.367,157.444,157.352,157.434,87.82506538695687,94.19227697922399,157.4
2024-07-19 07:30:00,157.433,157.472,157.381,157.47,88.65665137131107,94.34393205778338,157.452
2024-07-19 08:00:00,157.47,157.742,157.464,157.689,92.36015902237232,95.17017661188248,157.5795
2024-07-19 08:30:00,157.689,157.853,157.679,157.763,93.23134120167755,95.41396000552064,157.726
2024-07-19 09:00:00,157.762,157.814,157.719,157.766,93.2676513137934,95.424043914908,157.7645
2024-07-19 09:30:00,157.766,157.782,157.129,157.252,45.00697274676854,67.88307787679268,157.50900000000001
2024-07-19 10:00:00,157.252,157.355,156.949,157.289,47.297214600465324,68.58593773573303,157.2705
2024-07-19 10:30:00,157.289,157.547,157.278,157.312,48.84231776237606,69.03951715723616,157.3005
2024-07-19 11:00:00,157.31,157.413,157.153,157.189,41.28981467967649,63.739245608096525,157.2505
2024-07-19 11:30:00,157.189,157.323,157.159,157.252,46.255831876712485,65.2123892587482,157.22050000000002
2024-07-19 12:00:00,157.252,157.298,157.138,157.284,48.82115157521167,65.96866702984401,157.268
2024-07-19 12:30:00,157.284,157.429,157.265,157.357,54.589908024755076,67.6940926488854,157.32049999999998
2024-07-19 13:00:00,157.358,157.568,157.357,157.491,63.419981919358456,70.63704766356426,157.424
2024-07-19 13:30:00,157.491,157.505,157.414,157.447,59.02325228681505,68.43261234283727,157.469
2024-07-19 14:00:00,157.448,157.528,157.441,157.466,60.4061162654884,68.88418907181367,157.4565
2024-07-19 14:30:00,157.466,157.5,157.32,157.459,59.542422652301084,68.49542724766644,157.4625
2024-07-19 15:00:00,157.46,157.668,157.415,157.587,68.99865357680858,71.64655824949176,157.523
2024-07-19 15:30:00,157.586,157.687,157.54,157.665,73.4160740304622,73.39301503826121,157.62599999999998
2024-07-19 16:00:00,157.664,157.688,157.455,157.479,52.57457050191726,63.369194711638016,157.572
2024-07-19 16:30:00,157.48,157.592,157.406,157.501,54.362364802215474,63.99556190317932,157.49
2024-07-19 17:00:00,157.501,157.519,157.323,157.331,40.57365958728095,56.02361193365562,157.416
2024-07-19 17:30:00,157.332,157.434,157.255,157.33,40.503155892303006,55.979436685922295,157.3305
2024-07-19 18:00:00,157.33,157.399,157.268,157.358,43.699021171392396,57.00178993250199,157.344
2024-07-19 18:30:00,157.358,157.446,157.329,157.381,46.45532696911864,57.86739186404346,157.36950000000002
2024-07-19 19:00:00,157.382,157.394,157.334,157.356,43.739840691868544,56.53514949691753,157.36849999999998
2024-07-19 19:30:00,157.357,157.432,157.345,157.404,50.253468183031444,58.51019296793403,157.38
2024-07-19 20:00:00,157.405,157.421,157.345,157.395,49.012176038964576,57.97822031831012,157.3995
2024-07-19 20:30:00,157.395,157.412,157.365,157.406,50.74693135306968,58.475156521222026,157.40050000000002
2024-07-19 21:00:00,157.407,157.468,157.393,157.461,58.90327878788032,60.961031147670184,157.4335
2024-07-19 21:30:00,157.461,157.489,157.44,157.479,61.34726767967514,61.7677015529104,157.47000000000003
2024-07-19 22:00:00,157.48,157.516,157.477,157.501,64.36875012623776,62.780001005927836,157.49
2024-07-19 22:30:00,157.501,157.505,157.462,157.492,62.05362919829886,62.056119104548216,157.4965
2024-07-19 23:00:00,157.492,157.498,157.454,157.468,55.80884854303503,60.06711096640358,157.48
2024-07-19 23:30:00,157.467,157.517,157.441,157.477,57.67244239554004,60.577396435982934,157.4725
2024-07-22 00:00:00,157.412,157.415,157.404,157.415,43.07348271364624,55.331841295260915,157.446
2024-07-22 00:30:00,157.411,157.434,157.401,157.401,40.380646327289035,54.19073288323838,157.40800000000002
2024-07-22 01:00:00,157.399,157.495,157.336,157.364,33.854751287299024,51.186290935838564,157.3825
2024-07-22 01:30:00,157.364,157.376,157.223,157.26,22.127829301891325,43.83046898379229,157.312
2024-07-22 02:00:00,157.26,157.27,157.174,157.212,18.64939474032259,40.90844924209562,157.236
2024-07-22 02:30:00,157.213,157.422,157.148,157.417,54.380892582763785,54.775353476885826,157.3145
2024-07-22 03:00:00,157.417,157.454,157.324,157.414,53.976124448262226,54.57352232854913,157.4155
2024-07-22 03:30:00,157.414,157.483,157.393,157.416,54.241030421082414,54.693377867989106,157.415
2024-07-22 04:00:00,157.415,157.517,157.341,157.457,59.778008277871585,57.18717693455061,157.4365
2024-07-22 04:30:00,157.457,157.544,157.419,157.534,68.20709344746523,61.47586288880038,157.4955
2024-07-22 05:00:00,157.535,157.604,157.518,157.537,68.50708364821642,61.63710444159236,157.5355
2024-07-22 05:30:00,157.536,157.6,157.517,157.542,69.07448365139176,61.92315215044134,157.5395
2024-07-22 06:00:00,157.542,157.557,157.487,157.553,70.44136344145619,62.58413508550526,157.5475
2024-07-22 06:30:00,157.553,157.558,157.446,157.472,51.05518065188613,55.01130483461418,157.5125
2024-07-22 07:00:00,157.472,157.484,157.383,157.417,41.916663758665585,50.5394581765533,157.4445
2024-07-22 07:30:00,157.417,157.503,157.417,157.434,45.43839386095756,51.84253344909549,157.4255
2024-07-22 08:00:00,157.434,157.434,157.001,157.08,18.37372146752722,32.58871439145926,157.257
2024-07-22 08:30:00,157.08,157.19,157.028,157.029,16.701656828640466,30.813219818466607,157.05450000000002
2024-07-22 09:00:00,157.029,157.051,156.462,156.582,8.651239392017487,20.34883500487888,156.8055
2024-07-22 09:30:00,156.591,156.597,156.275,156.44,7.339998648877426,18.230735693177095,156.511
2024-07-22 10:00:00,156.44,156.544,156.337,156.521,15.829949168097855,23.145018535218554,156.4805
2024-07-22 10:30:00,156.521,156.836,156.464,156.802,38.599438492883635,37.23720334164404,156.6615
2024-07-22 11:00:00,156.801,156.864,156.666,156.849,41.67812525567586,39.24385835792627,156.82549999999998
2024-07-22 11:30:00,156.849,156.953,156.788,156.789,38.7819614977252,37.59152216648714,156.819
2024-07-22 12:00:00,156.789,156.851,156.614,156.702,34.70260375954956,35.272446169817414,156.7455
2024-07-22 12:30:00,156.702,156.754,156.601,156.682,33.75046698264239,34.74183877754861,156.692
2024-07-22 13:00:00,156.682,156.689,156.549,156.618,30.614567225702075,33.029557402894966,156.64999999999998
2024-07-22 13:30:00,156.617,156.945,156.566,156.819,48.236964713357985,42.59816745664926,156.7185
2024-07-22 14:00:00,156.818,156.89,156.7,156.797,46.72169921859793,41.89263871551571,156.808
2024-07-22 14:30:00,156.796,156.876,156.644,156.847,50.8181499505799,44.15639288742472,156.822
2024-07-22 15:00:00,156.846,156.926,156.809,156.886,54.034274659415594,45.925956746010954,156.8665
2024-07-22 15:30:00,156.886,157.081,156.778,156.782,44.89972358224087,42.09524693571895,156.834
2024-07-22 16:00:00,156.783,156.883,156.687,156.849,51.111462338736274,45.262840451182505,156.8155
2024-07-22 16:30:00,156.849,156.914,156.775,156.853,51.49235410258395,45.45468196010224,156.851
2024-07-22 17:00:00,156.852,156.947,156.745,156.906,56.70646486297324,48.0525957636069,156.8795
2024-07-22 17:30:00,156.906,156.936,156.832,156.866,51.80348672405096,46.261750247530856,156.88600000000002
2024-07-22 18:00:00,156.866,157.04,156.856,157.003,64.17919556223316,52.75605527485213,156.9345
2024-07-22 18:30:00,157.003,157.138,156.982,157.078,69.22609405928213,55.8982315813059,157.0405
2024-07-22 19:00:00,157.078,157.122,157.049,157.063,67.02272079694325,55.108790083148605,157.07049999999998
2024-07-22 19:30:00,157.063,157.076,157.023,157.065,67.18519097418344,55.19964047454089,157.064
2024-07-22 20:00:00,157.064,157.133,157.025,157.079,68.45442613614658,55.87285586597093,157.072
2024-07-22 20:30:00,157.078,157.144,157.063,157.129,72.83273930613753,58.28388808089123,157.10399999999998
2024-07-22 21:00:00,157.128,157.163,157.077,157.09,64.66538076016673,55.726265724121845,157.1095
2024-07-22 21:30:00,157.09,157.116,157.047,157.056,58.04502840243678,53.52124290744458,157.073
2024-07-22 22:00:00,157.056,157.107,157.052,157.093,62.871072310797324,55.581060768069854,157.0745
2024-07-22 22:30:00,157.092,157.11,157.07,157.07,58.03008498471759,53.979605489794686,157.0815
2024-07-22 23:00:00,157.07,157.089,157.053,157.059,55.63963854793331,53.19025552609397,157.0645
2024-07-22 23:30:00,157.06,157.083,157.036,157.036,50.55912833633752,51.494661306337825,157.0475
2024-07-23 00:00:00,157.018,157.018,156.918,156.928,33.701021481552104,44.34599737840225,156.982
2024-07-23 00:30:00,156.928,156.931,156.92,156.927,33.58006926096033,44.28469500905103,156.9275
2024-07-23 01:00:00,156.929,157.037,156.925,157.024,52.76477976171016,51.31500366767977,156.9755
2024-07-23 01:30:00,157.025,157.07,157.006,157.032,54.04204922604197,51.8545860259031,157.02800000000002
2024-07-23 02:00:00,157.032,157.084,157.007,157.019,51.4067098631341,50.86797693107037,157.02550000000002
2024-07-23 02:30:00,157.019,157.093,156.878,156.896,33.41816892209543,42.60773394505609,156.95749999999998
2024-07-23 03:00:00,156.897,156.92,156.67,156.86,29.85132635161365,40.53310558721074,156.878
2024-07-23 03:30:00,156.861,156.861,156.638,156.648,17.222254336906005,30.969795231194396,156.75400000000002
2024-07-23 04:00:00,156.648,156.841,156.571,156.797,38.54205132146503,41.42935625893503,156.7225
2024-07-23 04:30:00,156.797,156.804,156.621,156.698,32.127797524071724,37.376960200928146,156.7475
2024-07-23 05:00:00,156.698,156.758,156.624,156.703,32.78689082826898,37.708360543798115,156.7005
2024-07-23 05:30:00,156.703,156.706,156.511,156.624,27.809011295236402,34.593391594835126,156.6635
2024-07-23 06:00:00,156.624,156.659,156.353,156.42,19.08127791871911,28.131051666182245,156.522
2024-07-23 06:30:00,156.42,156.437,156.19,156.271,15.055030551670228,24.52706610997288,156.3455
2024-07-23 07:00:00,156.27,156.377,156.248,156.273,15.334792401687864,24.666578627597772,156.272
2024-07-23 07:30:00,156.274,156.355,156.196,156.299,19.362677451198834,26.566963078234565,156.286
2024-07-23 08:00:00,156.298,156.442,156.256,156.407,34.47062061336587,34.013339970879485,156.353
2024-07-23 08:30:00,156.407,156.417,156.296,156.308,28.716720558469646,30.918306531700495,156.35750000000002
2024-07-23 09:00:00,156.307,156.567,156.211,156.522,49.83434516332645,42.99372044040738,156.415
2024-07-23 09:30:00,156.523,156.613,156.411,156.578,53.99519138723954,45.670036504803896,156.55
2024-07-23 10:00:00,156.578,156.626,156.428,156.472,45.63627475437107,41.68110609595308,156.525
2024-07-23 10:30:00,156.473,156.486,155.924,156.031,26.056942470705238,29.95775496956145,156.25150000000002
2024-07-23 11:00:00,156.032,156.126,155.84,155.941,23.641920162567672,28.213696158073375,155.986
2024-07-23 11:30:00,155.942,156.024,155.815,156.001,28.776187080938286,31.093770970406496,155.971
2024-07-23 12:00:00,156.001,156.063,155.912,155.945,26.813039040282092,29.88849183789148,155.973
2024-07-23 12:30:00,155.947,155.966,155.813,155.935,26.437292030095747,29.667340528480025,155.94
2024-07-23 13:00:00,155.935,156.154,155.913,156.126,43.94238023394103,38.95773592506585,156.03050000000002
2024-07-23 13:30:00,156.126,156.131,156.008,156.037,38.90899636423606,36.53593360772523,156.0815
2024-07-23 14:00:00,156.038,156.181,156.03,156.096,43.8806188456489,39.232808703351196,156.06650000000002
2024-07-23 14:30:00,156.096,156.159,156.083,156.146,48.05978295559164,41.501524834793635,156.12099999999998
2024-07-23 15:00:00,156.146,156.257,156.132,156.242,55.48531937535197,45.69376901255799,156.194
2024-07-23 15:30:00,156.242,156.245,155.935,156.019,39.99114779089158,38.74733146165749,156.13049999999998
2024-07-23 16:00:00,156.019,156.151,155.981,156.118,47.57371816873306,42.8975851442168,156.0685
2024-07-23 16:30:00,156.117,156.201,156.039,156.079,44.96258737423255,41.698945069843056,156.0985
2024-07-23 17:00:00,156.081,156.186,155.979,156.088,45.76403217837269,42.10100386624656,156.08350000000002
2024-07-23 17:30:00,156.089,156.114,155.963,155.97,37.427385643729785,38.36527262034727,156.029
2024-07-23 18:00:00,155.971,156.081,155.971,156.018,42.4064419239978,40.671440355557905,155.994
2024-07-23 18:30:00,156.018,156.019,155.935,156.012,41.91998913390989,40.46761055914733,156.015
2024-07-23 19:00:00,156.012,156.045,155.961,155.961,37.638393423654804,38.692566003092956,155.9865
2024-07-23 19:30:00,155.961,155.966,155.686,155.775,26.23644556282744,33.0063131889121,155.868
2024-07-23 20:00:00,155.776,155.797,155.571,155.597,19.605451156242637,28.66481592745687,155.686
2024-07-23 20:30:00,155.597,155.706,155.57,155.681,29.425775897632718,33.13461336723692,155.639
2024-07-23 21:00:00,155.681,155.729,155.662,155.706,32.297301789556656,34.451035862981215,155.6935
2024-07-23 21:30:00,155.706,155.745,155.616,155.617,27.62835945831347,32.03318899171104,155.6615
2024-07-23 22:00:00,155.617,155.63,155.584,155.616,27.576102763215005,32.00600878817623,155.6165
2024-07-23 22:30:00,155.616,155.662,155.602,155.629,29.595751540775794,32.80422860981395,155.6225
2024-07-23 23:00:00,155.629,155.641,155.591,155.599,27.528907847831803,31.874288336921637,155.61399999999998
2024-07-23 23:30:00,155.599,155.635,155.554,155.583,26.382498544905346,31.3636247554424,155.591
2024-07-24 00:00:00,155.578,155.578,155.539,155.561,24.73041640435632,30.636807418689273,155.572
2024-07-24 00:30:00,155.562,155.575,155.561,155.569,26.678297094234964,31.26062355790704,155.565
2024-07-24 01:00:00,155.569,155.611,155.556,155.605,35.44847936846317,34.131423997708524,155.587
2024-07-24 01:30:00,155.604,155.635,155.584,155.629,40.94268957940996,36.048938245184175,155.617
2024-07-24 02:00:00,155.628,155.741,155.622,155.726,57.85636712366928,43.240806405509005,155.6775
2024-07-24 02:30:00,155.726,155.808,155.676,155.753,61.44239190476829,45.091812214401564,155.7395
2024-07-24 03:00:00,155.753,155.927,155.753,155.862,72.47391151579757,51.91006601351975,155.8075
2024-07-24 03:30:00,155.862,155.982,155.795,155.816,63.5254002350168,49.13699698155086,155.839
2024-07-24 04:00:00,155.817,155.867,155.239,155.426,28.59828766918318,33.02764261589897,155.62099999999998
2024-07-24 04:30:00,155.427,155.496,155.168,155.241,21.92654379355382,28.289701173911283,155.33350000000002
2024-07-24 05:00:00,155.241,155.424,155.223,155.409,37.399162451822974,37.11236286487593,155.325
2024-07-24 05:30:00,155.41,155.515,155.241,155.247,30.581034954947896,32.907915811113824,155.328
2024-07-24 06:00:00,155.248,155.286,155.056,155.133,26.59979656357349,30.30599900220595,155.19
2024-07-24 06:30:00,155.133,155.168,155.04,155.046,23.83682962941073,28.456821889716025,155.0895
2024-07-24 07:00:00,155.046,155.047,154.748,154.845,18.622870804438136,24.706094564574556,154.94549999999998
2024-07-24 07:30:00,154.845,154.846,154.534,154.6,14.20450223530554,21.062044513399,154.7225
2024-07-24 08:00:00,154.6,154.764,154.353,154.702,23.069794908375513,25.95841965657482,154.651
2024-07-24 08:30:00,154.703,154.786,154.577,154.623,21.099735595580995,24.681476541412252,154.6625
2024-07-24 09:00:00,154.622,154.66,154.368,154.579,19.9904811203956,23.97410754743288,154.601
2024-07-24 09:30:00,154.579,154.679,154.447,154.577,19.9349044603359,23.940520604606846,154.578
2024-07-24 10:00:00,154.576,154.871,154.403,154.761,38.33573329542217,33.21106156620452,154.66899999999998
2024-07-24 10:30:00,154.761,154.812,154.54,154.582,30.404886746010604,29.450411009684018,154.67149999999998
2024-07-24 11:00:00,154.583,154.745,154.538,154.696,39.67734395031233,34.53467458870038,154.639
2024-07-24 11:30:00,154.697,154.936,154.686,154.852,50.25786489176883,40.81980628335827,154.774
2024-07-24 12:00:00,154.853,154.924,154.727,154.773,45.53878512302288,38.78886530395754,154.8125
2024-07-24 12:30:00,154.772,154.855,154.266,154.768,45.225222922980414,38.65776891014619,154.7705
2024-07-24 13:00:00,154.768,154.831,154.642,154.646,37.81340610263332,35.50462955291934,154.707
2024-07-24 13:30:00,154.646,154.663,154.479,154.554,33.04834510402404,33.29891579028792,154.6
2024-07-24 14:00:00,154.554,154.57,154.395,154.448,28.261185860698532,30.915788621427694,154.501
2024-07-24 14:30:00,154.448,154.465,154.046,154.181,19.822991318230677,25.88966045564871,154.3145
2024-07-24 15:00:00,154.181,154.216,153.891,153.946,15.171509427995218,22.43282655501693,154.0635
2024-07-24 15:30:00,153.944,154.065,153.75,153.798,12.940445500451844,20.57002924016369,153.872
2024-07-24 16:00:00,153.8,153.988,153.772,153.867,19.388303290645496,23.749089058700847,153.83249999999998
2024-07-24 16:30:00,153.867,153.893,153.335,153.425,12.480387364366038,18.610626907511573,153.64600000000002
2024-07-24 17:00:00,153.429,153.575,153.119,153.411,12.318203675156184,18.474280347485163,153.418
2024-07-24 17:30:00,153.412,153.583,153.098,153.259,10.57715703942192,17.01661882839197,153.33499999999998
2024-07-24 18:00:00,153.259,153.481,153.254,153.334,17.305442605796046,20.35584198433591,153.29649999999998
2024-07-24 18:30:00,153.335,153.49,153.303,153.373,20.915367583968717,22.11100889428593,153.3535
2024-07-24 19:00:00,153.373,153.539,153.333,153.522,33.79691230722959,28.5862053919424,153.4475
2024-07-24 19:30:00,153.522,153.576,153.448,153.461,31.357383144978314,27.575491161861677,153.4915
2024-07-24 20:00:00,153.462,153.71,153.437,153.688,47.73592024883049,36.56401299226303,153.5745
2024-07-24 20:30:00,153.688,153.847,153.635,153.817,54.874530245849925,41.04210703421478,153.7525
2024-07-24 21:00:00,153.817,153.944,153.798,153.917,59.8359393729794,44.32325858912032,153.86700000000002
2024-07-24 21:30:00,153.917,154.066,153.878,153.995,63.48893535558113,46.80979753521964,153.95600000000002
2024-07-24 22:00:00,153.994,154.087,153.919,153.932,58.47717070012968,45.05939690418406,153.9635
2024-07-24 22:30:00,153.932,154.01,153.871,154.01,62.72714344878878,47.668565111824584,153.971
2024-07-24 23:00:00,154.01,154.011,153.952,153.979,59.88509278955405,46.718937385224166,153.99450000000002
2024-07-24 23:30:00,153.979,154.0,153.894,153.896,52.460510800227674,44.181126952043854,153.9375
2024-07-25 00:00:00,153.878,153.888,153.815,153.815,45.97127512685185,41.79505917103887,153.8555
2024-07-25 00:30:00,153.815,153.815,153.679,153.754,41.4648446026579,40.04124699574509,153.78449999999998
2024-07-25 01:00:00,153.754,153.782,153.547,153.719,38.91150182182881,39.02926814410791,153.73649999999998
2024-07-25 01:30:00,153.719,153.736,153.571,153.585,30.517613423359535,35.346059784731395,153.652
2024-07-25 02:00:00,153.583,153.759,153.577,153.721,44.654360997554264,41.39134036459617,153.65300000000002
2024-07-25 02:30:00,153.721,153.943,153.685,153.909,58.328017570742944,48.55258699675252,153.815
2024-07-25 03:00:00,153.909,153.96,153.509,153.532,36.96313996081636,38.41571528962698,153.72050000000002
2024-07-25 03:30:00,153.532,153.532,152.825,153.236,27.676933838957012,32.65161773308296,153.38400000000001
2024-07-25 04:00:00,153.236,153.338,152.857,152.903,20.813827529779658,27.62905240283348,153.0695
2024-07-25 04:30:00,152.901,152.971,152.638,152.851,19.91418260271395,26.932363094915928,152.877
2024-07-25 05:00:00,152.852,152.855,152.633,152.841,19.722918350574787,26.792447256405907,152.846
2024-07-25 05:30:00,152.841,152.945,152.507,152.631,15.965987574885446,23.975585007087076,152.736
2024-07-25 06:00:00,152.63,152.631,152.22,152.267,11.526090371486532,20.042208093601303,152.449
2024-07-25 06:30:00,152.267,152.494,152.243,152.309,14.718556989191413,21.639650849145383,152.288
2024-07-25 07:00:00,152.309,152.466,152.304,152.438,24.482912578904404,26.496951301286018,152.37349999999998
2024-07-25 07:30:00,152.439,152.645,152.371,152.611,35.95578436285214,32.536551857975,152.5245
2024-07-25 08:00:00,152.61,152.963,152.575,152.831,47.735992934097034,39.360274292986304,152.721
2024-07-25 08:30:00,152.832,152.903,152.6,152.732,43.53218524101116,37.5210891428998,152.7815
2024-07-25 09:00:00,152.728,152.857,152.537,152.822,48.35579922347834,40.25425697232148,152.777
2024-07-25 09:30:00,152.822,152.854,152.58,152.84,49.36504918562956,40.811932630484456,152.83100000000002
2024-07-25 10:00:00,152.841,152.923,152.18,152.318,29.716795846902173,31.600102932292472,152.579
2024-07-25 10:30:00,152.318,152.394,152.048,152.187,26.615222483321105,29.78326368901851,152.2525
2024-07-25 11:00:00,152.187,152.363,151.933,152.347,36.11616201056537,34.720016805601404,152.267
2024-07-25 11:30:00,152.347,152.74,152.237,152.697,51.98190321332582,43.99586455840178,152.522
2024-07-25 12:00:00,152.697,152.732,152.403,152.417,42.200087174650946,39.197368326228144,152.55700000000002
2024-07-25 12:30:00,152.417,152.429,152.241,152.301,38.681878324426,37.37850578329585,152.35899999999998
2024-07-25 13:00:00,152.3,152.332,152.082,152.318,39.543641583890725,37.83377998973606,152.3095
2024-07-25 13:30:00,152.318,152.35,152.113,152.202,35.56464581833582,35.915024907742094,152.26
2024-07-25 14:00:00,152.202,152.549,152.165,152.425,47.42883538853994,42.004319877457625,152.3135
2024-07-25 14:30:00,152.425,152.721,152.345,152.715,58.90801606422879,48.81556519689616,152.57
2024-07-25 15:00:00,152.715,152.865,152.542,152.824,62.49875830645701,51.13836640246718,152.7695
2024-07-25 15:30:00,152.811,153.731,152.719,153.512,77.18182471660718,62.65758775019911,153.168
2024-07-25 16:00:00,153.512,154.186,153.404,153.992,82.69635282983835,68.2767359839941,153.752
2024-07-25 16:30:00,153.992,154.073,153.521,153.645,68.69452869760114,61.1169105575719,153.8185
2024-07-25 17:00:00,153.648,153.735,153.223,153.508,63.72467320296501,58.50822128021962,153.5765
2024-07-25 17:30:00,153.508,153.704,153.494,153.633,66.31854602903925,60.17836622607646,153.5705
2024-07-25 18:00:00,153.633,153.914,153.624,153.828,70.19707961417623,62.700697381160765,153.7305
2024-07-25 18:30:00,153.828,154.093,153.77,153.969,72.83586403831139,64.45394640682605,153.8985
2024-07-25 19:00:00,153.97,154.288,153.899,154.191,76.63580284584029,67.07785981794058,154.07999999999998
2024-07-25 19:30:00,154.192,154.309,154.014,154.017,67.94462074071694,63.143554236147786,154.10399999999998
2024-07-25 20:00:00,154.017,154.023,153.739,153.864,60.86363095369514,59.82101922817901,153.9405
2024-07-25 20:30:00,153.863,154.033,153.754,154.023,65.25395655947624,62.055515214378175,153.9435
2024-07-25 21:00:00,154.023,154.042,153.835,153.89,58.81513212858509,59.09497855901288,153.9565
2024-07-25 21:30:00,153.891,153.932,153.762,153.776,53.53286654446152,56.6023233565713,153.833
2024-07-25 22:00:00,153.776,153.902,153.775,153.891,57.97488025135505,58.50382777605223,153.83350000000002
2024-07-25 22:30:00,153.891,153.91,153.786,153.905,58.53782155423314,58.74083749024071,153.898
2024-07-25 23:00:00,153.905,153.905,153.797,153.874,56.579893506496724,57.95153872674086,153.8895
2024-07-25 23:30:00,153.874,154.043,153.853,153.942,60.0034442848874,59.24517511145844,153.90800000000002
2024-07-26 00:00:00,153.919,153.919,153.9,153.905,57.14328203045522,58.196036153874374,153.9235
2024-07-26 00:30:00,153.905,153.912,153.903,153.907,57.27172340017834,58.23908514575509,153.906
2024-07-26 01:00:00,153.909,153.985,153.891,153.896,56.19112767237434,57.88601051453363,153.9015
2024-07-26 01:30:00,153.896,153.925,153.885,153.893,55.855802121780194,57.7831221587486,153.8945
2024-07-26 02:00:00,153.893,153.897,153.372,153.456,27.73158111769999,45.18441146308866,153.6745
2024-07-26 02:30:00,153.456,153.713,153.421,153.694,45.24828065210248,51.39948376207069,153.575
2024-07-26 03:00:00,153.694,153.756,153.364,153.632,42.1437335258467,49.814950986374875,153.663
2024-07-26 03:30:00,153.632,154.132,153.564,153.911,57.46518803001819,56.337903959635106,153.7715
2024-07-26 04:00:00,153.911,154.081,153.758,153.802,51.27601096885491,53.41675072184238,153.85649999999998
2024-07-26 04:30:00,153.802,153.803,153.422,153.573,40.56685606835573,47.808210827472,153.6875
2024-07-26 05:00:00,153.573,153.841,153.557,153.81,52.53604110855532,53.27597912827215,153.69150000000002
2024-07-26 05:30:00,153.811,153.96,153.811,153.913,56.933585764807646,55.45987971720474,153.8615
2024-07-26 06:00:00,153.914,153.914,153.73,153.831,52.42243916370389,53.323054565977706,153.872
2024-07-26 06:30:00,153.831,153.908,153.735,153.746,47.83841355195717,51.124152235195595,153.7885
2024-07-26 07:00:00,153.746,153.821,153.686,153.724,46.607752332565354,50.54319779665181,153.735
2024-07-26 07:30:00,153.725,153.736,153.581,153.669,43.354744033551874,49.042768198946675,153.69650000000001
2024-07-26 08:00:00,153.668,153.797,153.491,153.646,41.92705600946403,48.395759607487534,153.6575
2024-07-26 08:30:00,153.646,153.774,153.584,153.634,41.10316055433084,48.03965870157889,153.64
2024-07-26 09:00:00,153.621,153.696,153.532,153.656,43.47878324850451,48.78370514131085,153.64499999999998
2024-07-26 09:30:00,153.657,153.747,153.572,153.629,41.104860785245485,47.877584454259946,153.64249999999998
2024-07-26 10:00:00,153.63,153.951,153.559,153.892,63.655748776865515,56.37723582414644,153.76049999999998
2024-07-26 10:30:00,153.891,154.161,153.872,153.911,64.79198942879111,56.92374449701605,153.9015
2024-07-26 11:00:00,153.91,154.253,153.855,154.253,78.74591312004974,65.34079077924875,154.082
2024-07-26 11:30:00,154.252,154.423,154.215,154.29,79.75847260448937,66.1122705512416,154.2715
2024-07-26 12:00:00,154.29,154.348,154.082,154.114,63.080873613169906,59.34539001790473,154.202
2024-07-26 12:30:00,154.113,154.209,154.026,154.197,66.89002132252529,61.354287889817705,154.15550000000002
2024-07-26 13:00:00,154.197,154.303,154.186,154.215,67.73235633461971,61.7951930335563,154.20600000000002
2024-07-26 13:30:00,154.216,154.635,154.205,154.558,79.38934115608865,69.04303243518524,154.3865
2024-07-26 14:00:00,154.557,154.728,154.51,154.673,81.94120890208913,71.02758947533086,154.6155
2024-07-26 14:30:00,154.674,154.712,154.546,154.603,75.31879051745136,68.163149628151,154.638
2024-07-26 15:00:00,154.602,154.719,154.369,154.459,63.08286325318014,62.57270091536286,154.531
2024-07-26 15:30:00,154.462,154.686,154.015,154.21,47.51178895272263,54.28227906787821,154.3345
2024-07-26 16:00:00,154.21,154.212,153.662,153.914,35.39498531405768,46.41031207791583,154.062
2024-07-26 16:30:00,153.914,154.007,153.724,153.788,31.416074305591223,43.51729747948949,153.851
2024-07-26 17:00:00,153.79,154.093,153.08,153.535,24.867444833707808,38.348188910542966,153.6615
2024-07-26 17:30:00,153.536,153.597,153.234,153.493,23.90246817124924,37.55077088831567,153.514
2024-07-26 18:00:00,153.492,153.821,153.486,153.679,36.61135613396835,43.18521285140853,153.586
2024-07-26 18:30:00,153.679,153.867,153.651,153.858,46.62052768387507,48.04355427747316,153.76850000000002
2024-07-26 19:00:00,153.857,153.859,153.732,153.799,43.95177191682031,46.62821960698945,153.82850000000002
2024-07-26 19:30:00,153.799,153.817,153.7,153.777,42.88384190616344,46.083063711426,153.788
2024-07-26 20:00:00,153.776,153.864,153.72,153.857,48.22126838904433,48.443578029202975,153.817
2024-07-26 20:30:00,153.858,153.864,153.665,153.722,40.72821441896993,44.873331457305554,153.7895
2024-07-26 21:00:00,153.722,153.787,153.716,153.778,44.873741854124596,46.63042422383332,153.75
2024-07-26 21:30:00,153.778,153.819,153.7,153.722,41.48838033505933,45.082927507144184,153.75
2024-07-26 22:00:00,153.722,153.749,153.667,153.739,43.01106848032943,45.672350217773705,153.7305
2024-07-26 22:30:00,153.739,153.758,153.699,153.746,43.71472312969343,45.92969307836739,153.7425
2024-07-26 23:00:00,153.746,153.783,153.725,153.751,44.28796358770315,46.12599615532554,153.7485
2024-07-26 23:30:00,153.751,153.789,153.735,153.735,42.665713492922464,45.55603034189806,153.743
2024-07-29 00:00:00,153.704,153.787,153.704,153.786,49.53928534488301,47.77140052432816,153.7605
2024-07-29 00:30:00,153.789,153.794,153.673,153.674,37.898449946396546,43.5777357313538,153.73000000000002
2024-07-29 01:00:00,153.683,153.869,153.683,153.758,48.489484003556726,47.313432301561875,153.716
2024-07-29 01:30:00,153.757,154.013,153.736,154.013,67.88639768642844,56.68841966569757,153.8855
2024-07-29 02:00:00,154.011,154.204,154.001,154.164,74.51600494626379,61.10225985649205,154.0885
2024-07-29 02:30:00,154.164,154.193,153.974,154.141,71.879072995809,60.09763133916419,154.15249999999997
2024-07-29 03:00:00,154.142,154.344,154.068,154.151,72.3749471028732,60.402472178680554,154.14600000000002
2024-07-29 03:30:00,154.15,154.15,153.515,153.647,35.53264908140726,42.69758960648906,153.899
2024-07-29 04:00:00,153.647,153.824,153.562,153.569,32.541696686801345,40.70885874358914,153.608
2024-07-29 04:30:00,153.569,153.57,153.231,153.43,27.69495793717313,37.3685699670561,153.4995
2024-07-29 05:00:00,153.429,153.526,153.005,153.106,19.711303083702205,30.98624478692612,153.268
2024-07-29 05:30:00,153.105,153.412,153.082,153.409,38.92156722094037,41.11506676176076,153.2575
2024-07-29 06:00:00,153.409,153.557,153.322,153.51,44.120968450625725,44.0621504848026,153.4595
2024-07-29 06:30:00,153.511,153.685,153.493,153.506,43.94810982488063,43.96829682108913,153.50799999999998
2024-07-29 07:00:00,153.508,153.599,153.364,153.535,45.74599767386507,44.88489475135276,153.5205
2024-07-29 07:30:00,153.534,153.594,153.317,153.405,39.17445357892563,41.59967080259206,153.47
2024-07-29 08:00:00,153.404,153.582,153.295,153.579,50.31889394010449,47.172960535968,153.49200000000002
2024-07-29 08:30:00,153.579,153.658,153.336,153.374,40.19596650915031,42.078001185733676,153.4765
2024-07-29 09:00:00,153.374,153.429,153.211,153.257,35.447634415088686,39.458577789518905,153.3155
2024-07-29 09:30:00,153.258,153.439,153.132,153.345,41.510527558612424,42.36474318465528,153.301
2024-07-29 10:00:00,153.345,153.569,153.226,153.564,54.042793598122884,48.93439450132749,153.4545
2024-07-29 10:30:00,153.564,153.715,153.471,153.611,56.382765080303976,50.245168369995405,153.58749999999998
2024-07-29 11:00:00,153.611,153.907,153.577,153.798,64.72083882559298,55.17516293550882,153.7045
2024-07-29 11:30:00,153.798,153.864,153.583,153.68,56.73620385871781,51.694360074042244,153.739
2024-07-29 12:00:00,153.68,153.764,153.592,153.656,55.12252880184966,50.989775996156474,153.668
2024-07-29 12:30:00,153.656,153.755,153.58,153.695,57.41855260495227,52.13154210243361,153.6755
2024-07-29 13:00:00,153.695,153.857,153.668,153.846,65.41197709960807,56.369687095511345,153.7705
2024-07-29 13:30:00,153.846,153.883,153.594,153.675,52.412802138668084,50.87623679006481,153.7605
2024-07-29 14:00:00,153.675,153.794,153.584,153.782,58.44185539264666,53.90343259891473,153.7285
2024-07-29 14:30:00,153.782,153.829,153.616,153.823,60.66944863098762,55.046564986572484,153.8025
2024-07-29 15:00:00,153.824,154.024,153.746,153.945,66.83991679817541,58.35590950563489,153.88400000000001
2024-07-29 15:30:00,153.945,154.014,153.835,153.877,60.65219892771894,55.88635481831017,153.911
2024-07-29 16:00:00,153.877,154.02,153.721,153.962,65.3325013194235,58.26396001810807,153.9195
2024-07-29 16:30:00,153.963,154.2,153.927,154.166,73.99388019909294,63.367064317396526,154.064
2024-07-29 17:00:00,154.165,154.187,154.023,154.042,62.85715384199591,58.67111152805912,154.10399999999998
2024-07-29 17:30:00,154.042,154.195,153.995,154.038,62.50311695127983,58.520454009189066,154.04000000000002
2024-07-29 18:00:00,154.038,154.041,153.89,153.932,53.233323627048826,54.52477206697041,153.985
2024-07-29 18:30:00,153.932,153.955,153.861,153.955,54.92558422489856,55.23892364405932,153.9435
2024-07-29 19:00:00,153.954,154.083,153.954,153.969,56.05483101371215,55.69501619602945,153.962
2024-07-29 19:30:00,153.97,154.031,153.924,153.934,52.23776112894898,54.207917228409464,153.9515
2024-07-29 20:00:00,153.934,153.985,153.88,153.905,49.011553769166404,52.946452699587596,153.9195
2024-07-29 20:30:00,153.906,154.023,153.898,153.994,58.244846514499464,56.306934371654705,153.9495
2024-07-29 21:00:00,153.993,154.029,153.957,154.02,60.67210306267921,57.26708572320855,154.007
2024-07-29 21:30:00,154.02,154.045,153.966,153.979,54.81037497571395,55.20685719308592,153.9995
2024-07-29 22:00:00,153.976,153.991,153.949,153.976,54.362025734624794,55.05079561450435,153.97750000000002
2024-07-29 22:30:00,153.976,154.031,153.964,153.991,56.440539714111274,55.72473192841969,153.9835
2024-07-29 23:00:00,153.99,154.03,153.964,154.0,57.78633105791165,56.14955373407462,153.9955
2024-07-29 23:30:00,154.0,154.046,153.997,154.009,59.25497532801294,56.59803026831595,154.0045
2024-07-30 00:00:00,153.983,153.987,153.942,153.978,51.986841406871974,54.529320062981505,153.99349999999998
2024-07-30 00:30:00,153.979,154.022,153.979,154.001,56.595224219403136,55.819585175877805,153.98950000000002
2024-07-30 01:00:00,154.001,154.056,153.991,154.013,58.9911119530445,56.512924451767326,154.007
2024-07-30 01:30:00,154.012,154.046,153.963,154.011,58.364679011271974,56.35418837379395,154.012
2024-07-30 02:00:00,154.01,154.017,153.788,153.822,26.886791382078457,43.82627111076747,153.91649999999998
2024-07-30 02:30:00,153.823,153.898,153.759,153.826,27.847631325796854,44.109458471068635,153.824
2024-07-30 03:00:00,153.825,153.875,153.609,153.871,38.462077688297036,47.32659303787159,153.8485
2024-07-30 03:30:00,153.871,154.052,153.822,153.953,53.12283027401064,52.67260064100994,153.912
2024-07-30 04:00:00,153.953,154.241,153.841,154.142,71.42735924570695,62.19628998425611,154.0475
2024-07-30 04:30:00,154.142,154.146,153.879,153.982,51.54761742885083,52.55473106025546,154.062
2024-07-30 05:00:00,153.982,154.105,153.964,154.083,59.789616191579235,57.07796602720919,154.0325
2024-07-30 05:30:00,154.084,154.123,153.942,154.012,52.469646096290205,53.235754194308115,154.0475
2024-07-30 06:00:00,154.012,154.157,153.988,154.063,56.89242981541091,55.55036272086303,154.0375
2024-07-30 06:30:00,154.063,154.131,153.969,154.062,56.77158381589324,55.49236494289672,154.0625
2024-07-30 07:00:00,154.063,154.162,154.053,154.158,65.07925530646604,59.82846053186566,154.11
2024-07-30 07:30:00,154.158,154.434,154.151,154.428,78.58402463058674,68.98145119509685,154.293
2024-07-30 08:00:00,154.429,154.692,154.412,154.566,82.59717579594093,72.43808900182171,154.497
2024-07-30 08:30:00,154.566,154.76,154.527,154.656,84.7688320360444,74.43870338359096,154.611
2024-07-30 09:00:00,154.655,154.976,154.59,154.897,89.04110813439178,78.86310436559954,154.7765
2024-07-30 09:30:00,154.898,155.206,154.884,155.042,90.84386112446501,80.9945991619787,154.96949999999998
2024-07-30 10:00:00,155.041,155.136,154.714,154.859,73.13059764561308,71.23159422524446,154.9505
2024-07-30 10:30:00,154.859,154.954,154.748,154.887,74.0343630438727,71.7918592796794,154.873
2024-07-30 11:00:00,154.887,154.904,154.661,154.798,65.82402728006666,67.30500699914647,154.8425
2024-07-30 11:30:00,154.798,154.888,154.596,154.656,54.56100243634808,60.778245393692096,154.727
2024-07-30 12:00:00,154.656,154.839,154.655,154.775,61.073163196501945,63.93459091882522,154.71550000000002
2024-07-30 12:30:00,154.776,154.924,154.775,154.8,62.394129838006855,64.57948752619475,154.78750000000002
2024-07-30 13:00:00,154.8,154.87,154.761,154.786,61.040817948600896,63.890504916410876,154.793
2024-07-30 13:30:00,154.786,154.83,154.685,154.724,54.88968203176649,60.79704512668096,154.755
2024-07-30 14:00:00,154.724,154.879,154.715,154.775,58.86750381063844,62.40936421646381,154.7495
2024-07-30 14:30:00,154.775,154.89,154.745,154.878,65.94344191273208,65.49579114401786,154.8265
2024-07-30 15:00:00,154.879,154.996,154.804,154.959,70.58591030220494,67.73908171463314,154.9185
2024-07-30 15:30:00,154.959,155.012,154.813,154.932,67.0323928024624,66.19419447129675,154.94549999999998
2024-07-30 16:00:00,154.932,154.934,154.353,154.408,31.325472988350995,44.826938003647555,154.67
2024-07-30 16:30:00,154.407,154.495,154.284,154.332,28.7353890305303,42.67528478307993,154.37
2024-07-30 17:00:00,154.332,154.641,154.33,154.591,46.366671903066624,51.26107049148372,154.4615
2024-07-30 17:30:00,154.592,154.643,154.418,154.592,46.426376537157374,51.2914044204811,154.5915
2024-07-30 18:00:00,154.592,154.593,153.812,154.039,27.020361331043716,37.42126191889394,154.3155
2024-07-30 18:30:00,154.038,154.097,153.637,153.717,21.04463708212114,31.99571444216548,153.878
2024-07-30 19:00:00,153.717,153.848,153.366,153.394,16.717788770572582,27.663037232027918,153.5555
2024-07-30 19:30:00,153.393,153.412,153.131,153.229,14.892895075109138,25.745137725692672,153.31150000000002
2024-07-30 20:00:00,153.229,153.371,152.972,153.075,13.310754797990072,24.067932413206535,153.152
2024-07-30 20:30:00,153.074,153.254,153.012,153.195,20.945583687915146,28.003845663233918,153.135
2024-07-30 21:00:00,153.195,153.334,153.127,153.284,26.543421753227605,30.86607830020604,153.2395
2024-07-30 21:30:00,153.284,153.433,153.185,153.248,25.68512941334086,30.34064497227064,153.266
2024-07-30 22:00:00,153.248,153.307,153.195,153.239,25.445152104663038,30.202224671436525,153.24349999999998
2024-07-30 22:30:00,153.24,153.308,153.226,153.268,27.974884946830812,31.28998988093055,153.2535
2024-07-30 23:00:00,153.268,153.273,152.876,152.881,18.304898690404272,25.56432888801389,153.0745
2024-07-30 23:30:00,152.88,152.943,152.637,152.745,16.0327337187058,23.9086080058631,152.813
2024-07-31 00:00:00,152.741,152.79,152.74,152.769,18.125122190566486,24.8338010014256,152.757
2024-07-31 00:30:00,152.768,152.774,152.687,152.706,16.83998332191061,24.008567140010314,152.7375
2024-07-31 01:00:00,152.703,152.734,152.415,152.588,14.58085745806595,22.50039756209617,152.647
2024-07-31 01:30:00,152.589,153.136,152.561,152.876,38.1913598998603,33.48314085097343,152.732
2024-07-31 02:00:00,152.876,152.969,152.608,152.667,30.9487685350029,30.144581519365957,152.7715
2024-07-31 02:30:00,152.666,152.712,152.406,152.65,30.401657410636133,29.88357415175551,152.6585
2024-07-31 03:00:00,152.65,152.734,152.375,152.419,23.74669993108874,26.522997170702126,152.5345
2024-07-31 03:30:00,152.417,152.5,152.1,152.368,22.47923890722484,25.83230063891753,152.39350000000002
2024-07-31 04:00:00,152.368,152.388,152.159,152.319,21.210272045087933,25.154516748980498,152.3435
2024-07-31 04:30:00,152.319,152.519,152.181,152.416,30.297649096239923,29.11927441792288,152.3675
2024-07-31 05:00:00,152.415,153.324,152.329,152.783,53.81222348576227,41.70221435131471,152.59949999999998
2024-07-31 05:30:00,152.783,152.963,152.708,152.871,57.795260295509856,44.25751264009123,152.827
2024-07-31 06:00:00,152.871,152.966,152.643,152.779,52.29481511149491,42.17615656774791,152.825
2024-07-31 06:30:00,152.784,153.849,151.58,153.568,75.56374005675082,59.68619311785829,153.1735
2024-07-31 07:00:00,153.567,153.888,152.502,152.768,47.916346058798204,44.85467827260698,153.168
2024-07-31 07:30:00,152.769,152.875,152.403,152.546,42.84158014551005,41.75399546276664,152.65699999999998
2024-07-31 08:00:00,152.545,152.95,152.463,152.854,51.20612249883853,47.206687086538935,152.7
2024-07-31 08:30:00,152.854,153.16,152.808,152.861,51.39472155668091,47.32737444204132,152.85750000000002
2024-07-31 09:00:00,152.86,153.055,152.655,152.748,47.90731027028669,45.51838998875362,152.8045
2024-07-31 09:30:00,152.741,152.92,152.205,152.22,34.971335985245545,38.175779384865365,152.48399999999998
2024-07-31 10:00:00,152.221,152.422,151.961,152.139,33.3591674364484,37.1847995235583,152.17950000000002
2024-07-31 10:30:00,152.139,152.275,150.598,150.915,18.402815397077347,26.141684999094537,151.527
2024-07-31 11:00:00,150.916,150.977,150.042,150.682,16.736363198646174,24.641475120484216,150.7985
2024-07-31 11:30:00,150.682,150.943,150.286,150.912,24.599593290131082,28.97448268888914,150.797
2024-07-31 12:00:00,150.912,150.936,150.61,150.631,21.681138528844073,26.93667056782334,150.7715
2024-07-31 12:30:00,150.631,150.711,150.35,150.394,19.414697223006428,25.319239374520436,150.5125
2024-07-31 13:00:00,150.394,150.461,150.135,150.368,19.158371160312953,25.140889738130255,150.381
2024-07-31 13:30:00,150.368,150.579,150.315,150.501,25.06288564912127,27.937264003973254,150.4345
2024-07-31 14:00:00,150.501,150.574,150.072,150.281,21.966670054864267,26.194206909819627,150.39100000000002
2024-07-31 14:30:00,150.281,150.315,150.073,150.178,20.57810319692088,25.395328287964418,150.2295
2024-07-31 15:00:00,150.179,150.319,149.824,149.886,17.019756044063328,23.232136586310816,150.03199999999998
2024-07-31 15:30:00,149.887,150.469,149.78,150.324,36.296862515905445,32.5176762299144,150.10500000000002
2024-07-31 16:00:00,150.324,150.342,150.113,150.211,33.924751876908644,31.46041770464845,150.2675
2024-07-31 16:30:00,150.211,150.219,149.812,149.815,26.77151852514109,28.02197451849041,150.013
2024-07-31 17:00:00,149.815,150.203,149.621,150.189,40.57730786501731,35.22277544022751,150.002
2024-07-31 17:30:00,150.191,150.669,150.121,150.425,47.819596619627085,39.346252640510315,150.30700000000002
2024-07-31 18:00:00,150.425,150.567,150.268,150.454,48.71566474295054,39.85292411936884,150.4395
2024-07-31 18:30:00,150.454,150.46,150.271,150.371,46.07377736792332,38.852570932774796,150.41250000000002
2024-07-31 19:00:00,150.372,150.653,150.362,150.63,54.96504804269587,43.609285785394135,150.5005
2024-07-31 19:30:00,150.628,150.648,150.515,150.551,51.918817683629854,42.522705514370344,150.5905
2024-07-31 20:00:00,150.551,150.688,150.536,150.679,56.478263066044896,44.91747778776726,150.615
2024-07-31 20:30:00,150.68,150.947,150.659,150.791,60.319481950820034,46.9983712979852,150.735
2024-07-31 21:00:00,150.792,151.251,150.727,150.746,57.92310066995827,46.24248516541565,150.76850000000002
2024-07-31 21:30:00,150.746,150.841,150.324,150.435,43.87028288059573,41.29887364401433,150.59050000000002
2024-07-31 22:00:00,150.435,150.489,149.71,149.87,28.9722554991273,34.15504846809006,150.1525
2024-07-31 22:30:00,149.87,149.993,149.6,149.782,27.288353985106994,33.19200690554328,149.82600000000002
2024-07-31 23:00:00,149.782,150.278,149.748,150.071,40.53130442306195,39.25009496677707,149.9265
2024-07-31 23:30:00,150.071,150.073,149.973,149.993,38.33295546593894,38.24216338752214,150.03199999999998
2024-08-01 00:00:00,149.964,149.964,149.878,149.882,35.16625264845008,36.7941192126062,149.9375
2024-08-01 00:30:00,149.88,149.917,149.872,149.881,35.13574505277802,36.78060720262192,149.88150000000002
2024-08-01 01:00:00,149.877,150.0,149.809,149.928,38.08117853352148,37.93426235217524,149.90449999999998
2024-08-01 01:30:00,149.927,150.186,149.922,150.164,51.09152450838968,43.50875869511723,150.046
2024-08-01 02:00:00,150.164,150.314,149.977,149.985,43.08132965891617,40.53497526473784,150.0745
2024-08-01 02:30:00,149.985,150.084,149.662,149.78,35.61972264482121,37.38360564200162,149.8825
2024-08-01 03:00:00,149.781,149.887,149.507,149.789,36.185826173725616,37.61292324857008,149.78449999999998
2024-08-01 03:30:00,149.79,149.831,149.339,149.43,25.67817062246985,32.49999944734388,149.6095
2024-08-01 04:00:00,149.43,149.46,148.806,148.836,16.45467657682009,26.16284982882391,149.133
2024-08-01 04:30:00,148.835,149.165,148.503,149.165,32.193108779589394,33.855857002737494,149.0005
2024-08-01 05:00:00,149.165,149.442,149.03,149.204,33.91481454879445,34.724072739667236,149.1845
2024-08-01 05:30:00,149.204,149.782,149.08,149.759,53.51223575359318,45.65608775051103,149.48149999999998
2024-08-01 06:00:00,149.76,149.785,149.533,149.59,48.412020205433166,43.279220096692534,149.6745
2024-08-01 06:30:00,149.589,149.62,149.379,149.557,47.3832130727232,42.81054809154508,149.5735
2024-08-01 07:00:00,149.556,149.63,149.334,149.379,41.79403536056909,40.276954471665384,149.468
2024-08-01 07:30:00,149.379,149.706,149.356,149.675,52.63360911038212,46.00010866343824,149.527
2024-08-01 08:00:00,149.675,149.904,149.608,149.759,55.38444915245578,47.53657276239297,149.71699999999998
2024-08-01 08:30:00,149.758,150.036,149.706,149.751,55.02935220923619,47.398252042236464,149.755
2024-08-01 09:00:00,149.751,150.037,149.563,150.017,63.9863864167749,52.361787870792945,149.88400000000001
2024-08-01 09:30:00,150.017,150.326,150.007,150.02,64.08052150190714,52.416322616064555,150.01850000000002
2024-08-01 10:00:00,150.02,150.074,149.772,149.898,57.0104377189391,49.91388934178543,149.959
2024-08-01 10:30:00,149.897,150.186,149.84,149.853,54.4263502628312,48.984931870040995,149.8755
2024-08-01 11:00:00,149.853,149.899,149.419,149.839,53.545428094660615,48.68137680900839,149.846
2024-08-01 11:30:00,149.839,149.981,149.548,149.686,44.38571742855015,45.372250323029256,149.7625
2024-08-01 12:00:00,149.686,149.793,149.601,149.66,42.92976696758117,44.81475891286998,149.673
2024-08-01 12:30:00,149.66,149.96,149.611,149.94,59.58572504598025,51.69785239838665,149.8
2024-08-01 13:00:00,149.94,150.145,149.909,150.138,67.42823697818581,55.887823720791566,150.039
2024-08-01 13:30:00,150.139,150.188,149.919,150.019,59.352404934553284,52.91680959557161,150.07850000000002
2024-08-01 14:00:00,150.02,150.44,149.962,150.343,70.55468669372456,59.26611330438402,150.18099999999998
2024-08-01 14:30:00,150.342,150.612,150.341,150.516,74.86914929754067,62.19745868203266,150.4295
2024-08-01 15:00:00,150.515,150.752,150.51,150.601,76.81635511109674,63.58408633425618,150.55849999999998
2024-08-01 15:30:00,150.602,150.855,150.2,150.851,81.68563204652773,67.37461880230327,150.726
2024-08-01 16:00:00,150.851,150.881,150.454,150.468,59.39067740478499,57.50000069168976,150.65949999999998
2024-08-01 16:30:00,150.467,150.622,150.385,150.506,60.634360809335654,58.15529144711686,150.487
2024-08-01 17:00:00,150.502,150.502,150.069,150.205,47.259172727218484,51.39543811737266,150.3555
2024-08-01 17:30:00,150.204,150.222,149.825,150.039,41.38540598314942,48.07644280606993,150.122
2024-08-01 18:00:00,150.039,150.125,149.864,150.12,45.2586079076154,49.780621055710746,150.0795
2024-08-01 18:30:00,150.12,150.209,150.028,150.052,42.50754165019615,48.34605612586542,150.086
2024-08-01 19:00:00,150.052,150.128,149.742,149.837,34.72211574318065,44.02605462399359,149.9445
2024-08-01 19:30:00,149.837,149.952,149.672,149.887,37.81240059642328,45.251271889215985,149.862
2024-08-01 20:00:00,149.887,149.934,149.674,149.798,34.42779233657593,43.42900592856326,149.8425
2024-08-01 20:30:00,149.798,149.812,149.635,149.736,32.09307672892511,42.15544132895757,149.767
2024-08-01 21:00:00,149.736,149.758,149.558,149.638,28.525748747433568,40.15116186454471,149.687
2024-08-01 21:30:00,149.638,149.706,149.525,149.542,25.31043575687677,38.23347266199823,149.59
2024-08-01 22:00:00,149.543,149.589,149.462,149.573,28.352877061500976,39.24261933470919,149.5575
2024-08-01 22:30:00,149.573,149.832,149.566,149.766,44.71128935245908,45.24103599434453,149.6695
2024-08-01 23:00:00,149.766,149.774,149.626,149.637,37.953912534591694,42.23930715808935,149.7015
2024-08-01 23:30:00,149.638,149.662,149.276,149.359,27.50319748891799,36.6029919685311,149.498
2024-08-02 00:00:00,149.337,149.346,149.315,149.321,26.346300514347703,35.89785980206928,149.34
2024-08-02 00:30:00,149.319,149.326,149.306,149.31,25.97727116794512,35.68356288524943,149.3155
2024-08-02 01:00:00,149.31,149.359,148.985,149.329,28.009279517948585,36.389911285721034,149.3195
2024-08-02 01:30:00,149.328,149.434,149.257,149.303,26.83329672593824,35.81033605751274,149.316
2024-08-02 02:00:00,149.303,149.304,148.956,149.178,21.718653158986314,33.08232462875063,149.2405
2024-08-02 02:30:00,149.179,149.256,148.863,149.203,25.051982868880145,34.162577154147186,149.1905
2024-08-02 03:00:00,149.203,149.36,148.933,149.01,18.10746929132381,30.12013887142433,149.10649999999998
2024-08-02 03:30:00,149.01,149.405,149.007,149.371,48.9740050272074,43.57049015020055,149.1905
2024-08-02 04:00:00,149.372,149.76,149.349,149.657,62.15746578142913,51.53018581452471,149.514
2024-08-02 04:30:00,149.658,149.769,149.476,149.492,52.94948525824675,47.37806396999742,149.5745
2024-08-02 05:00:00,149.491,149.596,149.223,149.375,47.1688556893747,44.63181724543136,149.43349999999998
2024-08-02 05:30:00,149.375,149.674,149.332,149.564,56.18393413854832,49.7035907319294,149.46949999999998
2024-08-02 06:00:00,149.565,149.637,149.364,149.455,50.3976319986598,47.028082871291126,149.5095
2024-08-02 06:30:00,149.455,149.554,149.419,149.483,51.882773619517245,47.80533302115125,149.469
2024-08-02 07:00:00,149.484,149.574,149.345,149.371,45.522210292641134,44.96336858685444,149.42700000000002
2024-08-02 07:30:00,149.371,149.453,149.245,149.252,39.516953537254345,42.099624934534596,149.31150000000002
2024-08-02 08:00:00,149.251,149.357,149.115,149.326,44.79993821985741,44.46819654048479,149.289
2024-08-02 08:30:00,149.326,149.364,148.882,148.928,28.939035815937743,35.95012025935638,149.127
2024-08-02 09:00:00,148.928,149.283,148.795,149.044,36.57451003879845,39.58268237070839,148.986
2024-08-02 09:30:00,149.044,149.159,148.804,148.845,30.10114850741016,35.82859576185376,148.9445
2024-08-02 10:00:00,148.844,149.105,148.615,149.088,44.1767367270211,42.94456362841312,148.9665
2024-08-02 10:30:00,149.088,149.213,148.897,149.202,49.71852454493522,45.971469078856245,149.14499999999998
2024-08-02 11:00:00,149.203,149.313,148.872,148.948,39.52018818063125,40.78029348108821,149.075
2024-08-02 11:30:00,148.948,149.104,148.826,149.062,45.38605956771876,43.8452187861494,149.005
2024-08-02 12:00:00,149.062,149.085,148.84,148.93,40.12842829497157,41.187133135968914,148.996
2024-08-02 12:30:00,148.93,148.982,148.813,148.875,37.989171051515235,40.096382772791436,148.9025
2024-08-02 13:00:00,148.875,148.93,148.726,148.758,33.550257558364876,37.802893560240726,148.81650000000002
2024-08-02 13:30:00,148.759,148.947,148.724,148.789,35.86670803027721,38.80172273438049,148.7735
2024-08-02 14:00:00,148.788,149.014,148.784,148.915,44.964361082376136,42.82102734141558,148.85199999999998
2024-08-02 14:30:00,148.915,149.113,148.903,149.001,50.55016146341976,45.45423639393229,148.958
2024-08-02 15:00:00,149.001,149.105,148.847,148.96,47.849024052542575,44.404344592150395,148.9805
2024-08-02 15:30:00,148.961,148.979,147.008,147.437,14.430939046675917,23.07920831006352,148.19850000000002
2024-08-02 16:00:00,147.437,148.152,147.433,147.652,23.25819703691127,28.313152341050937,147.5445
2024-08-02 16:30:00,147.652,147.656,147.053,147.066,17.513292657785342,23.59973138811577,147.35899999999998
2024-08-02 17:00:00,147.066,147.409,146.749,146.914,16.295255088342543,22.55104569605433,146.99
2024-08-02 17:30:00,146.915,147.052,146.536,146.664,14.376618049896905,20.90560537602687,146.789
2024-08-02 18:00:00,146.663,146.86,146.408,146.508,13.24159822684588,19.928461541682083,146.586
2024-08-02 18:30:00,146.508,147.097,146.41,146.971,31.86705914943306,30.335941764542653,146.73950000000002
2024-08-02 19:00:00,146.971,147.449,146.964,147.136,37.45011230905158,33.645902228084765,147.05349999999999
2024-08-02 19:30:00,147.136,147.183,146.747,146.838,31.93601461905766,30.799629381250696,146.987
2024-08-02 20:00:00,146.838,146.948,146.756,146.782,30.93734258018128,30.281218458058405,146.81
2024-08-02 20:30:00,146.782,146.872,146.74,146.828,32.946797606079926,31.30407358402894,146.805
2024-08-02 21:00:00,146.828,146.888,146.753,146.763,31.438791290078427,30.620451419908406,146.7955
2024-08-02 21:30:00,146.763,146.786,146.431,146.484,25.5764856363172,27.812845013309698,146.6235
2024-08-02 22:00:00,146.484,146.684,146.482,146.57,30.253473461513707,29.945114035971358,146.527
2024-08-02 22:30:00,146.569,146.618,146.436,146.574,30.490506301608676,30.048610292614853,146.572
2024-08-02 23:00:00,146.573,146.61,146.53,146.574,30.490506301608676,30.048610292614853,146.574
2024-08-02 23:30:00,146.574,146.602,146.489,146.535,29.174704151262816,29.5548804244458,146.55450000000002
2024-08-05 00:00:00,146.48,146.531,146.433,146.436,25.868601838681542,28.284402035562792,146.4855
2024-08-05 00:30:00,146.436,146.477,146.431,146.462,28.35616212143512,29.14584442545616,146.449
2024-08-05 01:00:00,146.462,146.473,145.979,146.394,25.722462067328934,28.192039930501466,146.428
2024-08-05 01:30:00,146.396,146.557,146.261,146.313,22.781891913987153,27.05621711741597,146.3535
2024-08-05 02:00:00,146.312,146.335,145.978,145.987,14.824408356980442,23.033958979291057,146.14999999999998
2024-08-05 02:30:00,145.986,146.077,145.275,145.585,9.866455697635175,19.236288475892096,145.786
2024-08-05 03:00:00,145.585,145.935,145.183,145.578,9.79987256704068,19.176997857175706,145.5815
2024-08-05 03:30:00,145.578,145.707,145.173,145.508,9.084624318879222,18.56090176156428,145.543
2024-08-05 04:00:00,145.508,145.585,144.76,145.175,6.46560575315786,15.937738037017482,145.3415
2024-08-05 04:30:00,145.175,145.353,144.76,145.1,6.010311269397235,15.409515386799029,145.1375
2024-08-05 05:00:00,145.099,145.543,145.032,145.37,27.46339334596405,25.041158570278398,145.235
2024-08-05 05:30:00,145.37,145.395,145.051,145.128,22.171579997386885,22.561545054175596,145.249
2024-08-05 06:00:00,145.128,145.147,144.65,145.02,20.150043919352186,21.536601785684738,145.074
2024-08-05 06:30:00,145.02,145.035,144.157,144.356,12.18263397757363,16.556585408665015,144.688
2024-08-05 07:00:00,144.354,144.423,142.163,142.934,6.128348277702926,10.798023313957088,143.64499999999998
2024-08-05 07:30:00,142.934,143.684,142.7,143.151,13.758689982040778,15.621076820332107,143.04250000000002
2024-08-05 08:00:00,143.154,143.545,142.814,143.021,13.019051851397748,15.094531752811832,143.086
2024-08-05 08:30:00,143.021,143.168,142.409,142.642,11.006550874332149,13.649967874682147,142.8315
2024-08-05 09:00:00,142.634,142.665,141.678,142.561,10.598066016551826,13.355785245454868,142.6015
2024-08-05 09:30:00,142.561,143.097,142.315,142.744,18.564289187318366,17.672761862375026,142.6525
2024-08-05 10:00:00,142.743,143.395,142.718,142.982,28.263145826607186,23.043060819923923,142.863
2024-08-05 10:30:00,142.982,143.981,142.817,143.469,44.14401184239463,32.71492803632714,143.2255
2024-08-05 11:00:00,143.469,143.555,142.486,142.642,30.685686225829087,26.60098384003102,143.0555
2024-08-05 11:30:00,142.642,142.771,141.997,142.394,27.728131448164717,25.08688872169536,142.518
2024-08-05 12:00:00,142.395,142.563,141.733,141.964,23.20410318368492,22.676771620676305,142.179
2024-08-05 12:30:00,141.964,142.326,141.796,142.282,32.68064925327468,28.172502109091326,142.123
2024-08-05 13:00:00,142.281,142.442,141.898,142.145,30.772074917222497,27.27315175902831,142.2135
2024-08-05 13:30:00,142.146,142.458,142.064,142.365,37.59947780051224,31.078089811794257,142.255
2024-08-05 14:00:00,142.361,142.957,142.361,142.797,49.09961753699881,37.94377557096611,142.58100000000002
2024-08-05 14:30:00,142.798,142.896,142.239,142.3,39.362741102249274,33.77524962305371,142.5485
2024-08-05 15:00:00,142.293,142.465,141.962,142.146,36.72962977135368,32.5808400924317,142.223
2024-08-05 15:30:00,142.145,142.325,141.827,142.241,39.635748684103376,34.12837563931957,142.1935
2024-08-05 16:00:00,142.241,142.706,142.165,142.318,42.14845580408716,35.422249715489855,142.2795
2024-08-05 16:30:00,142.318,142.98,142.092,142.774,55.07011461762634,42.61140746115429,142.546
2024-08-05 17:00:00,142.78,143.843,142.78,143.064,61.457500248745596,46.677031878322126,142.91899999999998
2024-08-05 17:30:00,143.064,143.464,142.526,142.649,49.668746093593974,42.082531214233974,142.85649999999998
2024-08-05 18:00:00,142.649,143.289,142.331,143.219,61.50201152164725,49.443330643142154,142.934
2024-08-05 18:30:00,143.219,143.984,143.172,143.949,71.51012453650367,56.983530572219706,143.584
2024-08-05 19:00:00,143.951,144.881,143.888,144.744,78.58383065948868,63.387669343513714,144.3465
2024-08-05 19:30:00,144.744,144.783,144.115,144.178,65.14827902853278,56.893513426074854,144.461
2024-08-05 20:00:00,144.178,144.521,144.05,144.33,66.92025723865046,58.133997693637966,144.25400000000002
2024-08-05 20:30:00,144.33,144.596,143.898,144.004,59.3675279921918,54.51081678800402,144.167
2024-08-05 21:00:00,144.005,144.155,143.877,144.071,60.438127755240714,55.12977307948059,144.0375
2024-08-05 21:30:00,144.071,144.071,143.385,143.45,47.036621694539406,48.53755963152364,143.76049999999998
2024-08-05 22:00:00,143.443,143.805,143.432,143.748,52.885452791983575,51.53260939038472,143.599
2024-08-05 22:30:00,143.749,143.853,143.639,143.735,52.589876612952764,51.39209469173867,143.7415
2024-08-05 23:00:00,143.735,144.081,143.69,144.026,58.62841449115831,54.39010430822748,143.8805
2024-08-05 23:30:00,144.025,144.27,144.006,144.16,61.27799514089631,55.74372645396411,144.09300000000002
2024-08-06 00:00:00,144.158,144.158,144.125,144.142,60.66907984592397,55.505425271946756,144.151
2024-08-06 00:30:00,144.137,144.149,144.059,144.067,57.87352621937901,54.46073597236942,144.1045
2024-08-06 01:00:00,144.067,144.101,143.608,143.877,50.93656592411591,51.80083485441549,143.972
2024-08-06 01:30:00,143.877,144.858,143.839,144.758,70.23613702591815,61.25117629792065,144.3175
2024-08-06 02:00:00,144.757,145.548,144.757,145.238,76.18958758963088,65.24901374012182,144.998
2024-08-06 02:30:00,145.238,145.819,145.087,145.793,81.24902149257017,69.20522982473712,145.5155
2024-08-06 03:00:00,145.793,146.364,145.507,145.631,75.76649160943082,66.81418212036704,145.712
2024-08-06 03:30:00,145.631,145.764,144.827,145.034,58.72851572380892,58.75749337365152,145.33249999999998
2024-08-06 04:00:00,145.035,145.482,145.017,145.226,61.93984652000806,60.410883428201004,145.13
2024-08-06 04:30:00,145.225,145.269,144.358,144.797,51.49498382371241,55.096029673650996,145.0115
2024-08-06 05:00:00,144.797,144.962,144.298,144.938,54.44087433374968,56.452123135655945,144.8675
2024-08-06 05:30:00,144.938,145.347,144.738,145.3,61.45309683420025,59.80809001642652,145.119
2024-08-06 06:00:00,145.3,145.632,145.115,145.628,66.84712880519638,62.61902777371782,145.464
2024-08-06 06:30:00,145.629,145.909,145.283,145.344,58.56814925311397,58.78538923795461,145.486
2024-08-06 07:00:00,145.344,145.637,145.1,145.21,54.83008937887664,57.01184874966659,145.277
2024-08-06 07:30:00,145.209,145.597,145.204,145.508,61.2472832769103,59.90864900262575,145.359
2024-08-06 08:00:00,145.511,145.721,145.1,145.617,63.462382472977374,60.94531263778185,145.5625
2024-08-06 08:30:00,145.617,146.133,145.615,145.855,68.10638102835046,63.183832210694725,145.736
2024-08-06 09:00:00,145.852,146.283,145.657,145.87,68.40169010542746,63.32650430111289,145.8625
2024-08-06 09:30:00,145.869,145.92,145.42,145.627,58.214269220806855,59.31623343269791,145.7485
2024-08-06 10:00:00,145.628,145.926,145.476,145.835,63.62443979378433,61.56017400071561,145.731
2024-08-06 10:30:00,145.835,145.896,145.164,145.284,45.441303611555526,53.19068859618247,145.5595
2024-08-06 11:00:00,145.284,145.369,144.463,144.902,36.909489061699546,48.289021929371685,145.093
2024-08-06 11:30:00,144.902,145.197,144.767,144.913,37.3049467402613,48.43637717141164,144.9075
2024-08-06 12:00:00,144.913,144.913,144.49,144.861,36.05842413428836,47.74375757324473,144.887
2024-08-06 12:30:00,144.861,144.891,144.529,144.742,33.1050504795535,46.11848409478028,144.80149999999998
2024-08-06 13:00:00,144.742,144.892,144.346,144.861,38.93973192540518,48.02393571540427,144.80149999999998
2024-08-06 13:30:00,144.861,145.111,144.787,144.888,40.317680795905396,48.46920877303031,144.8745
2024-08-06 14:00:00,144.887,145.392,144.887,145.389,59.905314049141396,56.00138804205311,145.13850000000002
2024-08-06 14:30:00,145.389,145.45,144.946,145.144,50.45739348693816,51.99863477867751,145.2665
2024-08-06 15:00:00,145.139,145.193,144.686,144.744,38.801200212587524,46.19341472771555,144.94400000000002
2024-08-06 15:30:00,144.745,144.833,144.474,144.592,35.19655540877456,44.17517254183761,144.668
2024-08-06 16:00:00,144.592,144.703,144.074,144.238,28.10283699668635,39.812460139514364,144.41500000000002
2024-08-06 16:30:00,144.24,144.574,144.04,144.392,34.77479750684513,42.474068382476716,144.315
2024-08-06 17:00:00,144.391,144.857,144.265,144.633,44.224689063284735,46.4639915585365,144.5125
2024-08-06 17:30:00,144.635,144.985,144.326,144.496,40.347814754219876,44.571448249658985,144.5645
2024-08-06 18:00:00,144.497,144.864,144.497,144.605,44.83652211470832,46.44064602309193,144.5505
2024-08-06 18:30:00,144.605,145.199,144.593,145.104,60.65086009223048,54.0758641340102,144.8545
2024-08-06 19:00:00,145.103,145.398,145.006,145.252,64.20198748027127,56.075887044882705,145.178
2024-08-06 19:30:00,145.253,145.41,145.125,145.363,66.82192114780295,57.568437259671654,145.3075
2024-08-06 20:00:00,145.364,145.38,145.043,145.16,57.79676436687521,53.957378654608284,145.2615
2024-08-06 20:30:00,145.16,145.37,145.062,145.328,62.665400597589205,56.39509605734503,145.244
2024-08-06 21:00:00,145.328,145.354,145.124,145.167,55.5061718666645,53.47322547867936,145.2475
2024-08-06 21:30:00,145.171,145.2,144.994,144.995,48.587645054461156,50.46508641024314,145.08100000000002
2024-08-06 22:00:00,144.995,145.062,144.909,145.047,50.752736012033765,51.3560298255218,145.02100000000002
2024-08-06 22:30:00,145.046,145.048,144.723,144.725,38.91382224066231,45.85592029786687,144.886
2024-08-06 23:00:00,144.724,144.811,144.468,144.694,37.92030182641252,45.35233842823477,144.7095
2024-08-06 23:30:00,144.694,144.772,144.145,144.346,28.41796830274798,40.036918832936394,144.51999999999998
2024-08-07 00:00:00,144.306,144.396,144.302,144.396,31.303530579884452,41.10496975966172,144.37099999999998
2024-08-07 00:30:00,144.391,144.551,144.386,144.52,38.47896996011906,43.779450476420664,144.458
2024-08-07 01:00:00,144.518,144.728,144.325,144.558,40.69371384904053,44.60957287211285,144.539
2024-08-07 01:30:00,144.558,144.642,144.295,144.549,40.29290783749785,44.44219956941803,144.55349999999999
2024-08-07 02:00:00,144.552,144.648,144.442,144.494,37.64910806177717,43.371259859688934,144.5215
2024-08-07 02:30:00,144.493,144.75,144.373,144.729,53.01642298363136,49.02360242040963,144.6115
2024-08-07 03:00:00,144.729,145.211,144.538,145.185,69.84278735351432,57.821256413619274,144.957
2024-08-07 03:30:00,145.183,145.248,144.71,144.72,48.97576977847213,48.608621967004254,144.9525
2024-08-07 04:00:00,144.72,144.894,144.553,144.759,50.42507328570277,49.337705860410054,144.7395
2024-08-07 04:30:00,144.758,147.489,144.73,146.726,81.44204894498034,71.38643744494613,145.7425
2024-08-07 05:00:00,146.726,146.91,146.322,146.709,80.93148957227201,71.09844036967026,146.7175
2024-08-07 05:30:00,146.709,146.943,146.439,146.83,81.87502501066386,71.96537867982504,146.7695
2024-08-07 06:00:00,146.83,147.218,146.623,147.062,83.68127207323367,73.6004997647214,146.94600000000003
2024-08-07 06:30:00,147.061,147.362,146.884,147.122,84.1576263248564,74.02248836739554,147.092
2024-08-07 07:00:00,147.122,147.88,147.1,147.772,88.42724722341882,78.10554928775656,147.447
2024-08-07 07:30:00,147.773,147.897,147.476,147.609,81.96451759601153,74.92519765357595,147.6905
2024-08-07 08:00:00,147.609,147.727,147.368,147.632,82.17893037710616,75.07939494556246,147.6205
2024-08-07 08:30:00,147.633,147.807,146.832,146.963,58.55578255203616,62.95283808397796,147.2975
2024-08-07 09:00:00,146.961,147.128,146.58,146.934,57.7167137977153,62.48172375946268,146.9485
2024-08-07 09:30:00,146.933,146.945,146.426,146.573,47.77456052964344,56.78484082165431,146.7535
2024-08-07 10:00:00,146.573,146.938,146.08,146.214,39.81697741766431,51.73327309927233,146.39350000000002
2024-08-07 10:30:00,146.214,146.74,146.197,146.677,51.87749710376686,57.04111516217163,146.44549999999998
2024-08-07 11:00:00,146.678,146.975,146.615,146.742,53.4068007131446,57.74366799255888,146.7095
2024-08-07 11:30:00,146.742,147.22,146.626,147.194,62.95719391060083,62.35421172337253,146.968
2024-08-07 12:00:00,147.194,147.526,147.079,147.473,67.72173867510777,64.89997614651054,147.33350000000002
2024-08-07 12:30:00,147.473,147.629,147.269,147.567,69.27512030339429,65.74057769693927,147.52
2024-08-07 13:00:00,147.567,147.6,147.134,147.323,60.46324673007673,61.61561327866583,147.445
2024-08-07 13:30:00,147.323,147.34,147.037,147.185,55.781407593279,59.34750844105086,147.25400000000002
2024-08-07 14:00:00,147.184,147.5,147.171,147.242,57.3720128336297,60.00242573022271,147.2135
2024-08-07 14:30:00,147.241,147.307,146.98,147.196,55.49259938870257,59.17391666932589,147.219
2024-08-07 15:00:00,147.198,147.222,146.901,147.014,48.20368530751186,55.88593623230018,147.10500000000002
2024-08-07 15:30:00,147.015,147.155,146.859,146.986,47.09343334571761,55.37614431024181,147.0
2024-08-07 16:00:00,146.986,147.146,146.914,147.133,53.63441780313825,57.56471955294126,147.0595
2024-08-07 16:30:00,147.133,147.332,146.971,147.214,57.0481531882786,58.76481209043805,147.1735
2024-08-07 17:00:00,147.214,147.221,146.647,146.674,36.27516228229317,48.84694109072677,146.94400000000002
2024-08-07 17:30:00,146.673,147.389,146.644,147.267,56.54673929756038,57.35801126688299,146.97050000000002
2024-08-07 18:00:00,147.267,147.659,147.248,147.45,61.0120564656858,59.59239008124998,147.3585
2024-08-07 18:30:00,147.451,147.677,147.293,147.411,59.49203721358002,58.884253986235436,147.4305
2024-08-07 19:00:00,147.411,147.491,147.233,147.381,58.190991314542714,58.31025359433003,147.39600000000002
2024-08-07 19:30:00,147.381,147.474,147.061,147.175,49.515948361149,54.3895911312167,147.27800000000002
2024-08-07 20:00:00,147.173,147.396,147.001,147.186,49.98049309230043,54.56526721878439,147.1805
2024-08-07 20:30:00,147.186,147.347,146.957,147.026,43.23003815645182,51.46046208481389,147.106
2024-08-07 21:00:00,147.025,147.029,146.675,146.953,40.330581275912174,50.06086204496926,146.98950000000002
2024-08-07 21:30:00,146.953,147.038,146.83,146.837,35.870430473127584,47.834521913948464,146.89499999999998
2024-08-07 22:00:00,146.837,147.18,146.817,146.871,38.207224746940284,48.55667264150806,146.85399999999998
2024-08-07 22:30:00,146.871,146.959,146.78,146.841,36.8258728400103,47.92623090293245,146.856
2024-08-07 23:00:00,146.841,146.9,146.782,146.793,34.49769732126755,46.87749744423299,146.817
2024-08-07 23:30:00,146.793,146.842,146.709,146.722,31.1042134206602,45.2985139234177,146.7575
2024-08-08 00:00:00,146.69,146.721,146.654,146.663,28.39616839317803,43.97301977129129,146.6925
2024-08-08 00:30:00,146.663,146.73,146.659,146.717,34.48669320712118,45.54363196783423,146.69
2024-08-08 01:00:00,146.717,146.778,146.346,146.495,24.493973556567596,40.51518911541574,146.606
2024-08-08 01:30:00,146.495,146.578,146.425,146.519,27.156110152105853,41.27012125049136,146.507
2024-08-08 02:00:00,146.519,146.529,145.997,146.04,14.913107717329098,32.425208399014906,146.27949999999998
2024-08-08 02:30:00,146.041,146.324,145.568,146.281,32.71826697021943,39.45586816905757,146.1605
2024-08-08 03:00:00,146.286,146.537,145.792,145.818,22.27213039948235,32.46706208783826,146.04950000000002
2024-08-08 03:30:00,145.818,146.156,145.422,145.997,32.056486267555,37.10539089375427,145.90750000000003
2024-08-08 04:00:00,145.998,146.609,145.946,146.357,47.54854886061649,45.24990073971594,146.17700000000002
2024-08-08 04:30:00,146.357,146.586,146.181,146.367,47.933287395654105,45.461171559506006,146.362
2024-08-08 05:00:00,146.367,146.867,146.344,146.637,57.705677683019914,50.96322670945691,146.502
2024-08-08 05:30:00,146.637,146.7,146.414,146.589,55.543467554845904,49.997553800878116,146.613
2024-08-08 06:00:00,146.588,146.626,146.341,146.514,51.99219258811901,48.45267091561457,146.5515
2024-08-08 06:30:00,146.515,146.712,146.301,146.375,45.6774776375135,45.63809764476227,146.4445
2024-08-08 07:00:00,146.377,146.382,146.034,146.241,40.1878022724871,43.042332952030314,146.308
2024-08-08 07:30:00,146.241,146.26,145.898,146.126,35.871304230673516,40.89271416085826,146.1835
2024-08-08 08:00:00,146.126,146.314,146.032,146.178,39.310097170791586,42.29604924343858,146.152
2024-08-08 08:30:00,146.178,146.394,145.932,145.962,31.201788032119907,38.23518347179614,146.07
2024-08-08 09:00:00,145.964,146.333,145.867,146.309,50.38310038314821,47.03316874177656,146.13549999999998
2024-08-08 09:30:00,146.309,146.333,146.049,146.189,45.288736827829204,44.663791996042654,146.249
2024-08-08 10:00:00,146.189,146.216,145.805,145.877,34.65864973627288,39.14254725710042,146.03300000000002
2024-08-08 10:30:00,145.876,145.903,145.62,145.862,34.208288077052885,38.89361506349653,145.86950000000002
2024-08-08 11:00:00,145.863,145.966,145.746,145.81,32.50025822332806,37.99159484003818,145.836
2024-08-08 11:30:00,145.807,146.265,145.765,146.186,52.50533543967427,47.47701453486357,145.998
2024-08-08 12:00:00,146.186,146.291,146.079,146.291,56.68748681709428,49.78699516715109,146.2385
2024-08-08 12:30:00,146.293,146.48,146.009,146.118,48.481439387548576,46.183012600951166,146.2045
2024-08-08 13:00:00,146.118,146.252,146.007,146.2,52.29983758256821,48.10071228122016,146.159
2024-08-08 13:30:00,146.2,146.293,146.021,146.098,47.22077340709238,45.90925764069142,146.149
2024-08-08 14:00:00,146.097,146.15,145.933,146.046,44.642203306229746,44.78894391729002,146.072
2024-08-08 14:30:00,146.046,146.293,145.971,146.152,51.00498538929244,47.59624503131062,146.099
2024-08-08 15:00:00,146.152,146.271,145.943,146.065,45.94796492630827,45.549135172436394,146.1085
2024-08-08 15:30:00,146.066,147.285,146.066,147.055,76.66418554126447,64.34293724949973,146.56
2024-08-08 16:00:00,147.055,147.363,146.91,147.3,79.95328251186665,67.34661697247388,147.1775
2024-08-08 16:30:00,147.301,147.536,147.087,147.118,71.24986435475873,63.09464360178839,147.209
2024-08-08 17:00:00,147.117,147.241,146.928,147.235,73.41992105337314,64.64019608224555,147.1765
2024-08-08 17:30:00,147.235,147.423,147.144,147.283,74.34670088320088,65.28256140457492,147.25900000000001
2024-08-08 18:00:00,147.282,147.292,147.055,147.238,71.61554993366795,64.1067651768987,147.26049999999998
2024-08-08 18:30:00,147.236,147.247,147.007,147.083,62.40345117490201,60.092041122319344,147.1605
2024-08-08 19:00:00,147.083,147.235,147.067,147.228,67.03183271595667,62.46047670884343,147.15550000000002
2024-08-08 19:30:00,147.228,147.252,147.096,147.233,67.19430497056021,62.54302753406495,147.2305
2024-08-08 20:00:00,147.234,147.281,147.14,147.2,64.7377159860063,61.58051891131342,147.2165
2024-08-08 20:30:00,147.199,147.412,147.191,147.356,70.6546505640202,64.37186782029396,147.278
2024-08-08 21:00:00,147.355,147.426,147.286,147.29,65.25039819611898,62.309248118902396,147.32299999999998
2024-08-08 21:30:00,147.29,147.321,147.191,147.203,58.38284220434964,59.59832557237253,147.2465
2024-08-08 22:00:00,147.203,147.261,147.138,147.143,53.82478149348336,57.73278878859995,147.173
2024-08-08 22:30:00,147.143,147.177,147.083,147.138,53.41931151700396,57.57106368082871,147.1405
2024-08-08 23:00:00,147.138,147.193,147.091,147.19,57.32032670917607,58.86174435693013,147.164
2024-08-08 23:30:00,147.189,147.277,147.178,147.245,61.31782894144898,60.23943969465201,147.2175
2024-08-09 00:00:00,147.235,147.243,147.224,147.235,60.123305765663815,59.84700110794695,147.24
2024-08-09 00:30:00,147.237,147.238,147.196,147.2,55.69309868619238,58.41266630116245,147.2175
2024-08-09 01:00:00,147.199,147.298,147.183,147.245,60.10285191677495,59.748401674923485,147.2225
2024-08-09 01:30:00,147.244,147.29,147.208,147.267,62.24604976642291,60.41775378457184,147.256
2024-08-09 02:00:00,147.267,147.808,147.239,147.631,81.4651918995572,69.46526367703055,147.449
2024-08-09 02:30:00,147.63,147.715,147.524,147.685,82.96600712416412,70.54104267517656,147.65800000000002
2024-08-09 03:00:00,147.685,147.765,147.282,147.316,50.41892269501917,56.01757077751496,147.5005
2024-08-09 03:30:00,147.315,147.587,147.19,147.479,58.75706803107552,59.94107221786288,147.3975
2024-08-09 04:00:00,147.48,147.611,147.173,147.304,48.533697243621006,54.336746567751014,147.3915
2024-08-09 04:30:00,147.303,147.4,147.069,147.076,38.38261874812733,48.035292475840976,147.19
2024-08-09 05:00:00,147.076,147.237,147.015,147.16,43.46510946115659,50.32114317701615,147.118
2024-08-09 05:30:00,147.161,147.498,147.156,147.484,58.76920272182738,57.99615164735174,147.322
2024-08-09 06:00:00,147.483,147.563,147.293,147.307,50.12167997774358,53.164027503273616,147.3955
2024-08-09 06:30:00,147.307,147.333,147.14,147.217,46.09785856213457,50.84430953210638,147.262
2024-08-09 07:00:00,147.217,147.245,147.101,147.174,44.123370578817216,49.727888620559945,147.1955
2024-08-09 07:30:00,147.174,147.18,146.808,146.878,32.830172343493174,42.76648100866351,147.026
2024-08-09 08:00:00,146.878,146.971,146.708,146.952,37.4961418363294,44.845242740891095,146.915
2024-08-09 08:30:00,146.952,147.097,146.855,147.007,41.04713885596905,46.403385601843446,146.9795
2024-08-09 09:00:00,147.007,147.126,146.878,147.091,46.46632338360208,48.78317344791968,147.049
2024-08-09 09:30:00,147.092,147.207,147.033,147.193,52.634525796298846,51.5938263038347,147.142
2024-08-09 10:00:00,147.193,147.194,146.909,147.012,42.49731965454355,46.69667432887575,147.10250000000002
2024-08-09 10:30:00,147.012,147.203,147.003,147.194,53.09491024208477,51.664740748304375,147.103
2024-08-09 11:00:00,147.194,147.311,146.912,147.112,48.405649768541245,49.429390944807786,147.153
2024-08-09 11:30:00,147.112,147.247,147.084,147.197,53.3845477860859,51.75937998139674,147.15449999999998
2024-08-09 12:00:00,147.198,147.279,147.15,147.158,50.76235099279729,50.607256956144916,147.1775
2024-08-09 12:30:00,147.158,147.259,147.13,147.227,55.294857825525355,52.61682677552698,147.1925
2024-08-09 13:00:00,147.227,147.257,147.107,147.196,52.749667417480886,51.601055733154006,147.2115
2024-08-09 13:30:00,147.197,147.205,147.03,147.133,47.55931584727582,49.50925133012889,147.1645
2024-08-09 14:00:00,147.133,147.146,146.886,147.04,40.667770707571954,46.51179627220519,147.0865
2024-08-09 14:30:00,147.04,147.054,146.814,147.004,38.1699085535863,45.36678809126275,147.022
2024-08-09 15:00:00,147.004,147.024,146.684,146.743,25.11970209406725,38.052792413015716,146.87349999999998
2024-08-09 15:30:00,146.742,146.804,146.5,146.768,27.875365562607485,39.066142533719166,146.75549999999998
2024-08-09 16:00:00,146.768,146.784,146.504,146.596,21.518920200965297,34.84308055035079,146.68200000000002
2024-08-09 16:30:00,146.596,146.778,146.55,146.596,21.518920200965297,34.84308055035079,146.596
2024-08-09 17:00:00,146.596,146.626,146.356,146.409,16.089597406117264,30.663512898652073,146.5025
2024-08-09 17:30:00,146.409,146.575,146.257,146.531,29.607690054344303,36.0528908122953,146.47
2024-08-09 18:00:00,146.531,146.723,146.463,146.466,26.91269981443145,34.51365226075441,146.4985
2024-08-09 18:30:00,146.466,146.554,146.433,146.485,29.113119736769505,35.38209983711208,146.4755
2024-08-09 19:00:00,146.485,146.626,146.47,146.604,41.89554424593079,40.68748839170786,146.54450000000003
2024-08-09 19:30:00,146.603,146.657,146.554,146.601,41.67452043289012,40.59699492638351,146.60250000000002
2024-08-09 20:00:00,146.601,146.753,146.591,146.698,51.355182834644964,44.86676944466521,146.6495
2024-08-09 20:30:00,146.698,146.7,146.608,146.685,50.05614277193794,44.4060936461095,146.69150000000002
2024-08-09 21:00:00,146.685,146.713,146.645,146.676,49.05393432826552,44.068740259839615,146.6805
2024-08-09 21:30:00,146.676,146.688,146.584,146.605,41.42111339199385,41.39689793851872,146.64049999999997
2024-08-09 22:00:00,146.605,146.629,146.547,146.59,39.89119598519713,40.833629053394965,146.5975
2024-08-09 22:30:00,146.59,146.664,146.567,146.634,46.63646142523555,43.27195564866153,146.612
2024-08-09 23:00:00,146.633,146.651,146.619,146.64,47.57244012654614,43.61320951166072,146.637
2024-08-09 23:30:00,146.64,146.693,146.575,146.626,45.40451651026122,42.963762768945536,146.63299999999998
2024-08-12 00:00:00,146.68,146.736,146.593,146.736,61.49102902041769,49.346204006497224,146.68099999999998
2024-08-12 00:30:00,146.739,146.828,146.715,146.731,60.544993312596986,49.07737305498871,146.7335
2024-08-12 01:00:00,146.735,146.99,146.724,146.973,78.88679704556982,60.33936530931816,146.852
2024-08-12 01:30:00,146.973,146.997,146.871,146.986,79.4845152454341,60.84038581256639,146.9795
2024-08-12 02:00:00,146.985,147.118,146.921,147.082,83.50716590087895,64.41534555695645,147.034
2024-08-12 02:30:00,147.082,147.091,146.914,147.067,80.62533250849535,63.44079123523233,147.0745
2024-08-12 03:00:00,147.066,147.066,146.812,146.955,61.9898954826989,56.56001162303975,147.01100000000002
2024-08-12 03:30:00,146.955,146.986,146.79,146.846,49.10339843134402,50.78685266628426,146.90050000000002
2024-08-12 04:00:00,146.846,146.852,146.69,146.781,42.899061004388386,47.66255174262162,146.8135
2024-08-12 04:30:00,146.782,146.988,146.78,146.955,59.05593926495377,55.5462583499937,146.868
2024-08-12 05:00:00,146.956,146.975,146.834,146.919,55.280347671241785,53.74251866351043,146.937
2024-08-12 05:30:00,146.919,146.967,146.859,146.929,56.188080411687395,54.187544072411804,146.924
2024-08-12 06:00:00,146.928,146.99,146.875,146.956,58.82104749857894,55.43421779830891,146.9425
2024-08-12 06:30:00,146.956,147.215,146.947,147.192,74.46807256432845,64.52205620319428,147.074
2024-08-12 07:00:00,147.192,147.202,147.049,147.061,59.762245000608154,57.51142434315508,147.12650000000002
2024-08-12 07:30:00,147.061,147.138,147.02,147.117,63.36986961576411,59.535490299229124,147.089
2024-08-12 08:00:00,147.116,147.164,147.081,147.149,65.43583217036077,60.687947592285894,147.13299999999998
2024-08-12 08:30:00,147.15,147.214,147.125,147.191,68.18360632669562,62.20926519356542,147.17000000000002
2024-08-12 09:00:00,147.191,147.273,147.144,147.252,71.96063619433993,64.36612750402952,147.2215
2024-08-12 09:30:00,147.252,147.265,147.147,147.217,66.66314475511723,62.173497871204866,147.23450000000003
2024-08-12 10:00:00,147.218,147.275,147.082,147.213,66.01517049391589,61.91391692661622,147.215
2024-08-12 10:30:00,147.213,147.311,147.147,147.209,65.27494293749596,61.63678143799035,147.211
2024-08-12 11:00:00,147.208,147.391,147.182,147.354,76.44507007725325,67.34327337369061,147.2815
2024-08-12 11:30:00,147.353,147.435,147.349,147.353,76.24772747988138,67.26895682272507,147.3535
2024-08-12 12:00:00,147.352,147.365,147.199,147.286,63.44529803663085,62.30769131826876,147.3195
2024-08-12 12:30:00,147.286,147.375,147.271,147.308,65.65447408188938,63.26572722022549,147.297
2024-08-12 13:00:00,147.308,147.397,147.277,147.376,71.80011796736201,66.13122118655633,147.34199999999998
2024-08-12 13:30:00,147.375,147.43,147.36,147.409,74.39421996077576,67.45789279095402,147.39249999999998
2024-08-12 14:00:00,147.409,147.659,147.375,147.626,84.98828521878279,74.52457818250821,147.51749999999998
2024-08-12 14:30:00,147.625,147.628,147.534,147.562,74.39703366884984,69.71609540866592,147.594
2024-08-12 15:00:00,147.563,147.644,147.512,147.587,75.77296064481729,70.51636135331832,147.5745
2024-08-12 15:30:00,147.588,147.728,147.541,147.707,81.3774125800795,74.05977695719108,147.647
2024-08-12 16:00:00,147.706,148.145,147.663,148.089,89.98320105769058,81.62886802873808,147.898
2024-08-12 16:30:00,148.088,148.213,147.697,147.767,61.86734002469379,64.53493202107893,147.928
2024-08-12 17:00:00,147.767,147.897,147.653,147.863,65.60536970968259,66.7692187024345,147.815
2024-08-12 17:30:00,147.863,147.934,147.785,147.866,65.72785494577073,66.83952489015715,147.86450000000002
2024-08-12 18:00:00,147.866,147.883,147.229,147.366,38.835913300208674,48.44356279160917,147.616
2024-08-12 18:30:00,147.366,147.549,147.293,147.535,47.33307955763518,53.138273350094565,147.4505
2024-08-12 19:00:00,147.536,147.566,147.27,147.356,40.398011531783666,48.13830006883971,147.44549999999998
2024-08-12 19:30:00,147.356,147.475,147.322,147.344,39.940320383617575,47.81349437927507,147.35
2024-08-12 20:00:00,147.345,147.345,147.135,147.221,35.174756661405254,44.499181887552545,147.2825
2024-08-12 20:30:00,147.221,147.262,147.08,147.171,33.29093243121689,43.18860729312024,147.196
2024-08-12 21:00:00,147.172,147.195,147.065,147.131,31.706080784679884,42.11986892825669,147.151
2024-08-12 21:30:00,147.13,147.304,147.117,147.292,44.18380911167417,47.72687739920718,147.2115
2024-08-12 22:00:00,147.291,147.314,147.134,147.172,38.126465686658314,44.28350681508478,147.232
2024-08-12 22:30:00,147.172,147.188,147.032,147.173,38.20882468244036,44.31955860659408,147.1725
2024-08-12 23:00:00,147.172,147.27,147.141,147.245,44.42296142816971,46.97968668008696,147.209
2024-08-12 23:30:00,147.245,147.249,147.189,147.194,41.01437060314637,45.32777566922913,147.21949999999998
2024-08-13 00:00:00,147.181,147.181,147.161,147.169,39.290245678812774,44.50172274757404,147.1815
2024-08-13 00:30:00,147.173,147.18,147.157,147.174,39.87994258699133,44.718711040639,147.1715
2024-08-13 01:00:00,147.176,147.214,147.103,147.133,36.48919615459583,43.22625034937202,147.1535
2024-08-13 01:30:00,147.133,147.193,147.119,147.127,35.96708826836726,43.000080364686774,147.13
2024-08-13 02:00:00,147.127,147.217,147.081,147.097,33.1963053494503,41.82181010041468,147.11200000000002
2024-08-13 02:30:00,147.095,147.13,146.905,147.015,26.649545444081184,38.70028324915867,147.05599999999998
2024-08-13 03:00:00,147.015,147.188,146.998,147.153,47.12382803616815,46.00447157932402,147.084
2024-08-13 03:30:00,147.153,147.296,147.0,147.257,57.54344353509251,50.765711808366525,147.20499999999998
2024-08-13 04:00:00,147.256,147.506,147.256,147.415,68.53370142269588,56.97312349812663,147.336
2024-08-13 04:30:00,147.414,147.436,147.295,147.314,57.44402112386322,52.42309116965727,147.3645
2024-08-13 05:00:00,147.314,147.315,147.221,147.264,52.53433739053678,50.28221207277956,147.289
2024-08-13 05:30:00,147.264,147.385,147.235,147.367,60.62282384228482,54.412385487746484,147.3155
2024-08-13 06:00:00,147.367,147.432,147.299,147.337,57.30458309973975,53.03056552879737,147.35199999999998
2024-08-13 06:30:00,147.337,147.499,147.322,147.472,66.83498526209749,58.177629197898035,147.40449999999998
2024-08-13 07:00:00,147.473,147.631,147.424,147.586,72.81358843673954,61.967741606067115,147.529
2024-08-13 07:30:00,147.585,147.786,147.581,147.705,77.70760248995497,65.4840728495082,147.64550000000003
2024-08-13 08:00:00,147.703,147.733,147.606,147.691,75.83388338417598,64.72587706379821,147.698
2024-08-13 08:30:00,147.691,147.814,147.594,147.643,69.16311990522931,62.0722431532564,147.667
2024-08-13 09:00:00,147.642,147.85,147.544,147.829,77.93705221718216,67.61322969922648,147.736
2024-08-13 09:30:00,147.83,147.937,147.764,147.875,79.61089152010747,68.8261975422748,147.852
2024-08-13 10:00:00,147.875,147.913,147.769,147.801,69.68818682425086,64.63255379507495,147.838
2024-08-13 10:30:00,147.801,147.937,147.755,147.847,72.20099710220614,66.01863714125437,147.824
2024-08-13 11:00:00,147.847,147.883,147.66,147.747,59.657901918140205,60.47039623609808,147.79700000000003
2024-08-13 11:30:00,147.747,147.859,147.676,147.833,65.64594328464113,63.324976693888765,147.79000000000002
2024-08-13 12:00:00,147.833,147.833,147.694,147.714,52.956539699544656,57.1726250017018,147.7735
2024-08-13 12:30:00,147.714,147.91,147.714,147.882,64.31715592760824,62.68453343928561,147.798
2024-08-13 13:00:00,147.884,147.909,147.586,147.628,45.10430385189842,51.824632003908135,147.755
2024-08-13 13:30:00,147.628,147.682,147.523,147.523,39.424497308709675,48.11376734291057,147.57549999999998
2024-08-13 14:00:00,147.523,147.602,147.397,147.423,34.58538536152825,44.82202561904343,147.473
2024-08-13 14:30:00,147.423,147.481,147.301,147.342,30.9906865311289,42.297713885695906,147.3825
2024-08-13 15:00:00,147.341,147.501,147.334,147.411,37.45164089739867,45.1324698185881,147.37650000000002
2024-08-13 15:30:00,147.409,147.467,147.039,147.394,36.470178916521135,44.55174302111724,147.4025
2024-08-13 16:00:00,147.394,147.461,146.837,146.948,20.237458088517613,32.673563393450934,147.171
2024-08-13 16:30:00,146.948,147.26,146.867,147.068,30.01543229026103,37.501750716534964,147.008
2024-08-13 17:00:00,147.069,147.147,146.887,147.069,30.098742922598163,37.54194741265128,147.0685
2024-08-13 17:30:00,147.068,147.163,146.943,146.987,27.021458902478585,35.52429429997768,147.028
2024-08-13 18:00:00,146.987,147.056,146.952,146.964,26.146683413485064,34.95680188017957,146.9755
2024-08-13 18:30:00,146.964,147.083,146.935,146.961,26.01850633105981,34.87853627305677,146.9625
2024-08-13 19:00:00,146.961,146.962,146.787,146.922,24.217893732062038,33.818497833718965,146.94150000000002
2024-08-13 19:30:00,146.923,146.939,146.695,146.724,17.176944546012876,28.999667378752463,146.82299999999998
2024-08-13 20:00:00,146.725,146.834,146.698,146.791,25.704309781961896,32.50441688271468,146.7575
2024-08-13 20:30:00,146.791,146.9,146.78,146.892,37.09482463300071,37.51196063453083,146.8415
2024-08-13 21:00:00,146.893,146.894,146.683,146.721,28.47246204555242,33.04225885365841,146.8065
2024-08-13 21:30:00,146.722,146.76,146.636,146.669,26.303368178443407,31.801332471477025,146.695
2024-08-13 22:00:00,146.669,146.691,146.586,146.642,25.143046433211452,31.147237328071725,146.65550000000002
2024-08-13 22:30:00,146.642,146.847,146.64,146.823,44.344587109751686,40.049277018162336,146.73250000000002
2024-08-13 23:00:00,146.822,146.891,146.809,146.811,43.48188326322667,39.682957932337565,146.817
2024-08-13 23:30:00,146.811,146.839,146.779,146.816,44.01137171708888,39.929504817393656,146.8135
2024-08-14 00:00:00,146.8,146.844,146.783,146.835,46.244047984311145,40.91779495112554,146.8255
2024-08-14 00:30:00,146.834,146.844,146.826,146.838,46.63605003611912,41.08261840955509,146.8365
2024-08-14 01:00:00,146.837,146.873,146.799,146.839,46.78695565935973,41.14156171547699,146.8385
2024-08-14 01:30:00,146.839,146.86,146.729,146.814,43.222038068469445,40.06248183643301,146.8265
2024-08-14 02:00:00,146.815,146.896,146.772,146.876,53.47809974232568,43.98625418027272,146.845
2024-08-14 02:30:00,146.875,147.006,146.848,146.938,61.5756575692885,47.67516055959743,146.90699999999998
2024-08-14 03:00:00,146.938,147.137,146.91,147.067,72.98843171175065,54.403626033284446,147.0025
2024-08-14 03:30:00,147.068,147.118,146.964,147.084,74.16806681611882,55.220825549682324,147.0755
2024-08-14 04:00:00,147.084,147.176,146.797,146.847,43.3654356317196,43.512475595072836,146.96550000000002
2024-08-14 04:30:00,146.846,146.92,146.741,146.857,44.500084852716085,44.05151125523785,146.852
2024-08-14 05:00:00,146.857,146.89,146.364,146.531,25.25570449036934,32.9969590238027,146.69400000000002
2024-08-14 05:30:00,146.531,146.544,146.062,146.455,22.59773064813602,31.041267024029366,146.493
2024-08-14 06:00:00,146.455,146.556,146.322,146.529,30.863164076665683,35.07617339727585,146.49200000000002
2024-08-14 06:30:00,146.529,146.896,146.528,146.771,50.876899186272304,46.16905805517186,146.64999999999998
2024-08-14 07:00:00,146.77,147.064,146.747,146.991,62.416076916176756,53.88325972465031,146.881
2024-08-14 07:30:00,146.992,147.015,146.845,146.858,53.54487002377509,49.285058924638335,146.92450000000002
2024-08-14 08:00:00,146.857,146.885,146.766,146.858,53.54487002377509,49.285058924638335,146.858
2024-08-14 08:30:00,146.859,147.089,146.858,147.076,64.72900467245513,56.36378860684047,146.96699999999998
2024-08-14 09:00:00,147.076,147.195,146.896,147.14,67.41586547470426,58.20804075652268,147.108
2024-08-14 09:30:00,147.141,147.305,147.042,147.179,69.08988125771458,59.33589706693621,147.15949999999998
2024-08-14 10:00:00,147.18,147.336,147.152,147.167,67.8387733379648,58.80998464309138,147.173
2024-08-14 10:30:00,147.167,147.413,147.1,147.4,77.19394802422855,65.25029001923866,147.2835
2024-08-14 11:00:00,147.4,147.493,147.235,147.258,63.964606150707645,59.17750047124701,147.329
2024-08-14 11:30:00,147.257,147.313,147.092,147.104,52.566273163549006,53.37565615058249,147.181
2024-08-14 12:00:00,147.103,147.151,147.051,147.118,53.446128988218526,53.81892325881194,147.111
2024-08-14 12:30:00,147.118,147.13,147.019,147.091,51.30488809935054,52.776806704589966,147.1045
2024-08-14 13:00:00,147.091,147.138,146.95,146.961,41.87989157069261,47.961355258883266,147.026
2024-08-14 13:30:00,146.961,146.986,146.831,146.859,35.85112044937135,44.52836808639671,146.91000000000003
2024-08-14 14:00:00,146.859,146.96,146.858,146.934,42.902126150946074,47.50382826826729,146.8965
2024-08-14 14:30:00,146.934,146.939,146.819,146.88,39.27580416846895,45.60698376214687,146.90699999999998
2024-08-14 15:00:00,146.88,147.033,146.848,146.909,42.329944206305015,46.83476164996519,146.8945
2024-08-14 15:30:00,146.909,147.566,146.487,147.301,67.83890806425262,59.98360107219299,147.105
2024-08-14 16:00:00,147.302,147.43,147.153,147.307,68.09094740198105,60.14607386087021,147.30399999999997
2024-08-14 16:30:00,147.308,147.395,146.903,146.948,44.013392678878,47.6736942816898,147.1275
2024-08-14 17:00:00,146.949,146.999,146.742,146.851,39.59936274435129,44.96076956997173,146.8995
2024-08-14 17:30:00,146.851,146.903,146.564,146.753,35.41319463411911,42.33931812181059,146.802
2024-08-14 18:00:00,146.753,146.799,146.626,146.72,34.001124079927834,41.462645115391204,146.73649999999998
2024-08-14 18:30:00,146.72,146.876,146.718,146.856,44.618716812246255,46.38932871670007,146.788
2024-08-14 19:00:00,146.856,146.957,146.811,146.875,46.0337710226338,47.05968772933197,146.8655
2024-08-14 19:30:00,146.874,146.957,146.809,146.936,50.747467891550315,49.25361504034145,146.90550000000002
2024-08-14 20:00:00,146.934,147.184,146.921,147.16,64.15914104018955,56.39913317861579,147.048
2024-08-14 20:30:00,147.16,147.253,147.129,147.2,66.08324047854065,57.54865373068104,147.18
2024-08-14 21:00:00,147.2,147.246,147.156,147.244,68.26932942588594,58.8343373081725,147.22199999999998
2024-08-14 21:30:00,147.245,147.254,147.199,147.233,67.00959992586027,58.35848592419802,147.2385
2024-08-14 22:00:00,147.232,147.272,147.193,147.265,68.95389791339888,59.387548196257065,147.249
2024-08-14 22:30:00,147.265,147.368,147.259,147.331,72.80981863140389,61.50077343810118,147.298
2024-08-14 23:00:00,147.33,147.43,147.33,147.421,77.29593038252278,64.23379290291186,147.37599999999998
2024-08-14 23:30:00,147.422,147.422,147.283,147.303,61.719536325785704,58.3819397215224,147.362
2024-08-15 00:00:00,147.29,147.291,147.224,147.225,53.418019311154104,54.826312901705734,147.264
2024-08-15 00:30:00,147.223,147.239,147.213,147.239,54.69407615441107,55.35191681282968,147.232
2024-08-15 01:00:00,147.239,147.247,147.139,147.159,46.24802015661932,51.65347152474758,147.199
2024-08-15 01:30:00,147.159,147.299,147.156,147.278,57.608490472433644,56.32793644219345,147.2185
2024-08-15 02:00:00,147.277,147.394,147.273,147.359,63.70082146226391,59.21831369222396,147.3185
2024-08-15 02:30:00,147.359,147.359,147.207,147.262,53.04917491241457,54.561305825990424,147.3105
2024-08-15 03:00:00,147.263,147.347,147.163,147.271,53.88389695066609,54.915574647283684,147.2665
2024-08-15 03:30:00,147.273,147.316,147.142,147.218,48.01862057824152,52.328190851457926,147.2445
2024-08-15 04:00:00,147.219,147.415,147.191,147.381,62.61839033278834,58.76316830798231,147.2995
2024-08-15 04:30:00,147.381,147.601,147.358,147.512,70.41065988613786,63.076889310375435,147.44650000000001
2024-08-15 05:00:00,147.512,147.574,147.405,147.57,73.28695146544219,64.8310429670521,147.541
2024-08-15 05:30:00,147.57,147.575,147.412,147.452,59.54769093354767,58.718996173565955,147.511
2024-08-15 06:00:00,147.453,147.463,147.353,147.412,55.43747254329594,56.765333742439935,147.43200000000002
2024-08-15 06:30:00,147.413,147.432,147.329,147.394,53.498804923882496,55.864582934049935,147.40300000000002
2024-08-15 07:00:00,147.394,147.406,147.242,147.268,41.614166686724026,49.89601612155497,147.33100000000002
2024-08-15 07:30:00,147.268,147.304,147.222,147.257,40.69343069425516,49.399806059854335,147.2625
2024-08-15 08:00:00,147.257,147.335,147.147,147.163,33.33928599513143,45.25778029074155,147.21
2024-08-15 08:30:00,147.163,147.181,147.043,147.126,30.78446684772274,43.70442252621514,147.1445
2024-08-15 09:00:00,147.127,147.218,147.097,147.217,43.260483749096146,48.39567390829409,147.1715
2024-08-15 09:30:00,147.216,147.324,147.121,147.154,37.76276941928689,45.564755750613,147.1855
2024-08-15 10:00:00,147.154,147.253,147.085,147.237,47.93313491007712,49.736305307932675,147.19549999999998
2024-08-15 10:30:00,147.237,147.253,147.112,147.203,44.46087726356812,48.10986953252632,147.22
2024-08-15 11:00:00,147.204,147.342,147.195,147.33,57.78676938945617,54.14221198164837,147.2665
2024-08-15 11:30:00,147.329,147.381,147.258,147.326,57.28174012978641,53.9295601844098,147.328
2024-08-15 12:00:00,147.325,147.383,147.31,147.365,61.14445405760676,55.754269670200316,147.34550000000002
2024-08-15 12:30:00,147.365,147.436,147.334,147.365,61.14445405760676,55.754269670200316,147.365
2024-08-15 13:00:00,147.365,147.373,147.209,147.266,46.588979828417706,49.932024363125095,147.3155
2024-08-15 13:30:00,147.266,147.279,147.192,147.219,41.1618122877046,47.40127166900909,147.2425
2024-08-15 14:00:00,147.218,147.319,147.17,147.296,51.87664878025586,51.7187173641676,147.2575
2024-08-15 14:30:00,147.295,147.307,147.194,147.208,41.74144515965425,46.97325111173957,147.252
2024-08-15 15:00:00,147.208,147.305,147.174,147.25,47.45736134726704,49.3614143683949,147.22899999999998
2024-08-15 15:30:00,147.263,149.148,147.263,148.951,90.67704432668462,82.91720945688756,148.1005
2024-08-15 16:00:00,148.949,149.315,148.859,149.031,91.0796536946568,83.47193521190331,148.99099999999999
2024-08-15 16:30:00,149.03,149.177,148.891,149.067,91.27741208361158,83.72800451889812,149.049
2024-08-15 17:00:00,149.066,149.143,148.77,148.827,77.85329505824205,75.34702024402343,148.947
2024-08-15 17:30:00,148.827,149.056,148.826,149.022,80.5629989140472,77.33237599503781,148.9245
2024-08-15 18:00:00,149.022,149.023,148.871,148.885,73.21997363550008,72.89103927252413,148.9535
2024-08-15 18:30:00,148.885,148.981,148.853,148.901,73.54847435871869,73.08545148591304,148.893
2024-08-15 19:00:00,148.899,148.934,148.839,148.93,74.21724838754962,73.45700662591662,148.9155
2024-08-15 19:30:00,148.931,149.04,148.916,149.031,76.61916966540512,74.76368920520332,148.9805
2024-08-15 20:00:00,149.031,149.07,148.947,149.064,77.42098409918195,75.19338874911769,149.0475
2024-08-15 20:30:00,149.064,149.175,149.055,149.081,77.87695858571155,75.4255249855625,149.0725
2024-08-15 21:00:00,149.081,149.101,148.973,148.98,68.31453665270459,71.164667035501,149.0305
2024-08-15 21:30:00,148.98,149.028,148.973,148.995,68.97461096402988,71.42286450213322,148.9875
2024-08-15 22:00:00,148.995,149.006,148.959,148.984,67.76680274488623,70.92134241631216,148.98950000000002
2024-08-15 22:30:00,148.984,149.038,148.961,149.033,70.45546394574319,71.86894639490305,149.0085
2024-08-15 23:00:00,149.032,149.186,149.006,149.184,77.27149090625909,74.61435091862239,149.1085
2024-08-15 23:30:00,149.184,149.385,149.181,149.294,80.99738152735692,76.41973438424719,149.239
2024-08-16 00:00:00,149.284,149.322,149.279,149.299,81.16115274818686,76.50153990130737,149.2965
2024-08-16 00:30:00,149.299,149.299,149.277,149.29,79.7183670573518,75.99050516497456,149.2945
2024-08-16 01:00:00,149.291,149.296,149.024,149.049,51.253950450448585,63.71637984334548,149.1695
2024-08-16 01:30:00,149.048,149.26,149.043,149.247,63.683231919563404,68.2533137501305,149.14800000000002
2024-08-16 02:00:00,149.246,149.251,149.139,149.205,59.90326514650313,66.35786083065888,149.226
2024-08-16 02:30:00,149.204,149.254,149.172,149.22,60.87098697733882,66.71339829562228,149.2125
2024-08-16 03:00:00,149.22,149.262,148.995,149.046,45.88417559070256,58.93298163364987,149.13299999999998
2024-08-16 03:30:00,149.045,149.149,148.897,149.143,53.353587683555446,61.62018096994779,149.09449999999998
2024-08-16 04:00:00,149.143,149.22,149.024,149.024,44.55216342101674,56.71697973656029,149.08350000000002
2024-08-16 04:30:00,149.024,149.032,148.832,148.91,37.61671057757341,52.41420761503952,148.96699999999998
2024-08-16 05:00:00,148.91,148.985,148.858,148.887,36.28708936895162,51.564260869990136,148.8985
2024-08-16 05:30:00,148.888,148.906,148.73,148.867,35.03092164333751,50.79294384455072,148.877
2024-08-16 06:00:00,148.867,148.922,148.778,148.875,36.06379981565206,51.10798459656042,148.87099999999998
2024-08-16 06:30:00,148.875,148.945,148.864,148.922,42.34619209858523,53.011361383552014,148.8985
2024-08-16 07:00:00,148.922,148.998,148.879,148.918,41.93703986678147,52.82288550921583,148.92000000000002
2024-08-16 07:30:00,148.918,148.935,148.822,148.852,35.36021608883415,49.684023692635414,148.885
2024-08-16 08:00:00,148.851,148.971,148.836,148.969,51.19112765270527,54.81044982087712,148.9105
2024-08-16 08:30:00,148.968,149.045,148.901,148.909,44.64885642429128,51.890682429896735,148.939
2024-08-16 09:00:00,148.911,148.992,148.887,148.934,47.88643403561793,53.01380866527266,148.92149999999998
2024-08-16 09:30:00,148.933,149.084,148.846,149.048,60.25431308882273,57.84643495067327,148.99099999999999
2024-08-16 10:00:00,149.049,149.05,148.938,148.972,50.86527017204262,53.86863989512328,149.01
2024-08-16 10:30:00,148.972,149.022,148.886,149.004,54.35886694286924,55.26355676587757,148.988
2024-08-16 11:00:00,149.004,149.043,148.728,148.746,32.57349192316349,43.771496945561516,148.875
2024-08-16 11:30:00,148.746,148.76,148.646,148.701,30.117362862735632,42.12603763321022,148.7235
2024-08-16 12:00:00,148.701,148.754,148.586,148.671,28.448931461009238,41.01897057082655,148.68599999999998
2024-08-16 12:30:00,148.671,148.682,148.597,148.665,28.085889865289502,40.788098469115546,148.668
2024-08-16 13:00:00,148.666,148.669,148.434,148.471,18.959279262650426,34.10420148217234,148.56799999999998
2024-08-16 13:30:00,148.471,148.519,148.315,148.343,15.165772245728036,30.547371850518616,148.40699999999998
2024-08-16 14:00:00,148.343,148.344,148.079,148.148,11.187303709408354,26.084213905891787,148.2455
2024-08-16 14:30:00,148.148,148.159,147.949,148.038,9.540223300223374,23.957753710273693,148.09300000000002
2024-08-16 15:00:00,148.037,148.094,147.878,148.015,9.209468702367346,23.52589127975996,148.0265
2024-08-16 15:30:00,148.015,148.015,147.606,147.673,5.750741766789233,18.256129438838002,147.844
2024-08-16 16:00:00,147.674,147.878,147.614,147.789,17.94524530520539,24.43859221078506,147.731
2024-08-16 16:30:00,147.789,147.919,147.714,147.734,16.746667913752006,23.529902070888994,147.7615
2024-08-16 17:00:00,147.742,148.245,147.742,148.209,50.23614690826832,43.179722463411785,147.9715
2024-08-16 17:30:00,148.209,148.249,147.952,147.99,41.29993549396831,38.29395942065818,148.0995
2024-08-16 18:00:00,147.99,148.182,147.965,148.17,49.853597328859856,43.91142045563755,148.07999999999998
2024-08-16 18:30:00,148.169,148.259,148.111,148.124,47.7778604013794,42.83814052307097,148.147
2024-08-16 19:00:00,148.123,148.182,148.07,148.073,45.33622774283445,41.62343646010962,148.0985
2024-08-16 19:30:00,148.073,148.075,147.986,147.992,41.41458048830376,39.698089491258955,148.0325
2024-08-16 20:00:00,147.992,148.0,147.744,147.758,32.06600182284812,34.70390139505234,147.875
2024-08-16 20:30:00,147.758,147.811,147.694,147.734,31.22265857097254,34.228281026120925,147.746
2024-08-16 21:00:00,147.734,147.804,147.706,147.749,32.516800865983626,34.82945229461106,147.7415
2024-08-16 21:30:00,147.749,147.751,147.634,147.66,28.769531035300872,32.90752198867217,147.7045
2024-08-16 22:00:00,147.659,147.713,147.621,147.681,30.959740483513258,33.835273105025706,147.6705
2024-08-16 22:30:00,147.681,147.704,147.654,147.691,32.119301593632514,34.30116026527568,147.686
2024-08-16 23:00:00,147.691,147.692,147.561,147.603,27.395423268571463,32.15542644513951,147.647
2024-08-16 23:30:00,147.602,147.635,147.561,147.606,27.817653163918166,32.31088303985524,147.6045
2024-08-19 00:00:00,147.576,147.679,147.573,147.666,36.44210099592397,35.4943927598259,147.636
2024-08-19 00:30:00,147.664,147.671,147.646,147.66,35.941100151516466,35.31552269944494,147.663
2024-08-19 01:00:00,147.66,147.896,147.639,147.892,60.46189085825435,46.534920305978495,147.776
2024-08-19 01:30:00,147.892,147.901,147.796,147.853,56.23984883948288,45.11820500322517,147.8725
2024-08-19 02:00:00,147.853,147.97,147.817,147.968,64.71599951876014,49.9562649302274,147.9105
2024-08-19 02:30:00,147.967,148.041,147.882,147.951,62.62401422002619,49.26488593323447,147.9595
2024-08-19 03:00:00,147.951,147.993,147.741,147.933,60.21935553421482,48.49951513879491,147.942
2024-08-19 03:30:00,147.933,147.955,147.72,147.806,45.75677090971037,43.378829312279834,147.86950000000002
2024-08-19 04:00:00,147.806,147.87,147.602,147.61,31.94361280339558,36.90307550272657,147.70800000000003
2024-08-19 04:30:00,147.61,147.637,147.309,147.4,23.192033140696765,31.480538099549534,147.505
2024-08-19 05:00:00,147.4,147.601,147.398,147.591,40.4917951565942,40.10148215153676,147.4955
2024-08-19 05:30:00,147.592,147.626,147.293,147.337,30.006219460326122,33.97889271447326,147.464
2024-08-19 06:00:00,147.338,147.362,146.725,146.914,19.962514698781874,26.674787560237576,147.1255
2024-08-19 06:30:00,146.914,146.916,146.304,146.451,13.984885371531291,21.28217606177509,146.6825
2024-08-19 07:00:00,146.45,146.613,146.326,146.329,12.806046530486313,20.12752172478909,146.39
2024-08-19 07:30:00,146.329,146.331,145.852,146.178,11.416444894368908,18.77013045834748,146.2535
2024-08-19 08:00:00,146.179,146.286,145.787,145.886,9.171239944595897,16.458606514325496,146.03199999999998
2024-08-19 08:30:00,145.887,145.887,145.402,145.415,6.693885151173816,13.558216457778272,145.6505
2024-08-19 09:00:00,145.414,145.534,145.176,145.464,9.655864864580138,15.231833127712306,145.4395
2024-08-19 09:30:00,145.464,145.867,145.258,145.863,30.5886149763853,27.53512484024661,145.6635
2024-08-19 10:00:00,145.863,145.935,145.662,145.793,29.20366034498086,26.800210762131584,145.828
2024-08-19 10:30:00,145.793,146.245,145.75,146.095,42.34324463734047,34.87598667844287,145.94400000000002
2024-08-19 11:00:00,146.095,146.184,145.894,146.107,42.83508197942217,35.18199208178383,146.101
2024-08-19 11:30:00,146.108,146.219,145.933,146.068,41.49300825663053,34.61275633101255,146.0875
2024-08-19 12:00:00,146.068,146.158,146.002,146.053,40.917751180577554,34.38233723277453,146.0605
2024-08-19 12:30:00,146.053,146.267,145.952,146.257,51.57092310934227,40.211712250260064,146.155
2024-08-19 13:00:00,146.257,146.471,146.254,146.441,59.29436521874444,44.96115733278269,146.349
2024-08-19 13:30:00,146.441,146.512,146.232,146.338,53.70123221376614,42.906434415181906,146.3895
2024-08-19 14:00:00,146.338,146.377,146.119,146.16,45.12015394997484,39.543214866294676,146.249
2024-08-19 14:30:00,146.16,146.223,146.016,146.028,39.640008676647966,37.21365572273832,146.094
2024-08-19 15:00:00,146.029,146.153,145.921,146.153,46.78118229870939,40.77201263347719,146.0905
2024-08-19 15:30:00,146.152,146.259,146.111,146.206,49.7235546710207,42.266065632571625,146.1795
2024-08-19 16:00:00,146.206,146.566,146.206,146.365,57.87509042723677,46.6166795992886,146.2855
2024-08-19 16:30:00,146.365,146.501,146.294,146.387,58.94948987878078,47.20944907222333,146.376
2024-08-19 17:00:00,146.387,146.665,146.18,146.416,60.49887152090221,48.02867564535791,146.4015
2024-08-19 17:30:00,146.416,146.442,146.205,146.354,55.293470661759464,46.37183590817788,146.385
2024-08-19 18:00:00,146.354,146.547,146.343,146.528,65.1197806634041,51.43524835497035,146.441
2024-08-19 18:30:00,146.528,146.703,146.368,146.413,55.682746352205676,48.1963466363497,146.47050000000002
2024-08-19 19:00:00,146.413,146.492,146.377,146.485,59.92483173182974,50.30622890986498,146.449
2024-08-19 19:30:00,146.485,146.585,146.456,146.49,60.23322947182242,50.45713305196053,146.4875
2024-08-19 20:00:00,146.489,146.596,146.449,146.578,65.65950498554835,53.153468951159645,146.534
2024-08-19 20:30:00,146.577,146.609,146.496,146.529,60.31319596982753,51.473599660382185,146.55349999999999
2024-08-19 21:00:00,146.526,146.55,146.473,146.517,58.94195757750053,51.04810574065225,146.523
2024-08-19 21:30:00,146.517,146.678,146.51,146.645,67.99661545079695,55.293275633332506,146.58100000000002
2024-08-19 22:00:00,146.645,146.668,146.557,146.591,61.33869062816152,53.19731203532831,146.618
2024-08-19 22:30:00,146.591,146.637,146.544,146.624,63.86152306260883,54.33647463409865,146.60750000000002
2024-08-19 23:00:00,146.625,146.656,146.607,146.65,65.90650541145122,55.260429638830296,146.637
2024-08-19 23:30:00,146.65,146.685,146.572,146.594,57.70167502221601,52.78314444959752,146.622
2024-08-20 00:00:00,146.586,146.61,146.584,146.609,59.28561676824348,53.38593528276671,146.6015
2024-08-20 00:30:00,146.608,146.608,146.561,146.578,54.37607337490453,51.910963256899294,146.5935
2024-08-20 01:00:00,146.578,146.609,146.531,146.554,50.591915709810905,50.74211081457458,146.566
2024-08-20 01:30:00,146.554,146.638,146.55,146.62,59.61000723476756,53.821454929632104,146.587
2024-08-20 02:00:00,146.62,146.857,146.6,146.824,75.64208377074726,61.77560775075061,146.722
2024-08-20 02:30:00,146.824,146.831,146.66,146.699,58.922549757600294,55.470659278663106,146.7615
2024-08-20 03:00:00,146.699,146.714,146.187,146.511,42.45622471322767,47.601665798884056,146.60500000000002
2024-08-20 03:30:00,146.512,146.536,146.17,146.333,32.44174658296083,41.586409699898674,146.422
2024-08-20 04:00:00,146.333,146.378,145.838,146.261,29.192265364390693,39.41666315872511,146.297
2024-08-20 04:30:00,146.262,146.524,146.244,146.33,36.3233175728636,42.51219030402498,146.2955
2024-08-20 05:00:00,146.331,146.659,146.287,146.627,57.710697563048626,53.520792597760426,146.4785
2024-08-20 05:30:00,146.627,147.091,146.606,146.992,71.45644636687678,62.918722586627375,146.8095
2024-08-20 06:00:00,146.991,147.037,146.841,146.918,66.35495795078394,60.25851542483176,146.95499999999998
2024-08-20 06:30:00,146.917,147.152,146.831,147.058,70.93499506346546,63.41042617864526,146.988
2024-08-20 07:00:00,147.058,147.091,146.91,147.015,67.63577270142868,61.78947682066761,147.0365
2024-08-20 07:30:00,147.015,147.016,146.776,146.919,60.327482055480544,58.21175221704952,146.96699999999998
2024-08-20 08:00:00,146.919,147.318,146.913,147.253,72.42268883622624,65.66138804135912,147.086
2024-08-20 08:30:00,147.254,147.275,147.098,147.273,72.99780155908682,66.05166025666225,147.26299999999998
2024-08-20 09:00:00,147.273,147.335,147.081,147.093,59.88467997480169,59.497584936694984,147.183
2024-08-20 09:30:00,147.092,147.15,146.894,147.037,56.21910152008005,57.58322379569349,147.065
2024-08-20 10:00:00,147.037,147.183,146.809,146.875,46.59353638113795,52.33701959514385,146.95600000000002
2024-08-20 10:30:00,146.875,146.946,146.321,146.547,33.17601767697265,43.663234918898695,146.711
2024-08-20 11:00:00,146.547,146.575,146.333,146.481,31.075249902928476,42.149510019184326,146.514
2024-08-20 11:30:00,146.481,146.514,146.224,146.51,33.242237458615264,43.08321600902119,146.4955
2024-08-20 12:00:00,146.509,146.545,146.37,146.49,32.42207329763275,42.57288394569256,146.5
2024-08-20 12:30:00,146.488,146.516,146.37,146.465,31.296026239627437,41.90469070707793,146.47750000000002
2024-08-20 13:00:00,146.466,146.484,146.32,146.355,26.560655261570673,39.0039124054967,146.41
2024-08-20 13:30:00,146.355,146.496,146.35,146.437,35.100919558187,42.21514509617001,146.39600000000002
2024-08-20 14:00:00,146.438,146.547,146.395,146.469,38.36422906292966,43.46598136082701,146.453
2024-08-20 14:30:00,146.469,146.542,146.329,146.364,32.171559025969216,40.37746774787341,146.41649999999998
2024-08-20 15:00:00,146.363,146.379,146.244,146.327,30.169491723076163,39.317285174367264,146.34550000000002
2024-08-20 15:30:00,146.327,146.48,146.114,146.157,22.622926405048858,34.796544627683645,146.24200000000002
2024-08-20 16:00:00,146.158,146.236,146.034,146.07,19.6832750607241,32.722906604335634,146.1135
2024-08-20 16:30:00,146.069,146.282,146.034,146.099,23.546668951027797,34.131983971285536,146.0845
2024-08-20 17:00:00,146.099,146.236,145.722,145.735,13.81530585568919,26.600973942950105,145.917
2024-08-20 17:30:00,145.736,145.823,145.509,145.588,11.563650586748224,24.2718372427489,145.6615
2024-08-20 18:00:00,145.587,145.857,145.579,145.82,31.977012584106348,34.08161823470088,145.704
2024-08-20 18:30:00,145.819,145.823,145.576,145.687,27.700567986002156,31.557806046995665,145.7535
2024-08-20 19:00:00,145.686,145.735,145.555,145.589,24.844335396495893,29.80632905888801,145.638
2024-08-20 19:30:00,145.59,145.591,145.36,145.384,19.849427759063033,26.49383621373525,145.48649999999998
2024-08-20 20:00:00,145.385,145.456,145.334,145.424,23.357145734178616,28.17123253079322,145.404
2024-08-20 20:30:00,145.423,145.481,145.344,145.474,27.95523374961013,30.311976698599736,145.449
2024-08-20 21:00:00,145.474,145.525,145.39,145.406,25.525464854389668,29.044181538291255,145.44
2024-08-20 21:30:00,145.405,145.45,145.356,145.372,24.29374186691004,28.40448148827268,145.389
2024-08-20 22:00:00,145.372,145.42,145.35,145.356,23.66674443353952,28.090929827154667,145.364
2024-08-20 22:30:00,145.356,145.394,145.313,145.326,22.401990549384507,27.47843808374951,145.341
2024-08-20 23:00:00,145.326,145.351,145.186,145.208,17.990231420606264,25.155133318905783,145.267
2024-08-20 23:30:00,145.208,145.283,145.206,145.252,24.461796104395845,27.61284536673199,145.23000000000002
2024-08-21 00:00:00,145.244,145.244,145.161,145.181,21.297831866517512,26.122217045004874,145.2165
2024-08-21 00:30:00,145.185,145.188,145.121,145.124,18.996495928039266,24.957397384960885,145.1525
2024-08-21 01:00:00,145.122,145.17,145.001,145.104,18.191816991281087,24.54384448331335,145.114
2024-08-21 01:30:00,145.104,145.169,144.979,145.114,20.164520719487285,25.21114787700327,145.109
2024-08-21 02:00:00,145.115,145.26,144.989,144.992,15.012083488151532,22.58676493907612,145.053
2024-08-21 02:30:00,144.993,145.342,144.935,145.314,52.435844291702715,40.26202482954144,145.153
2024-08-21 03:00:00,145.314,145.469,145.107,145.12,40.042160838124104,35.06708211005122,145.21699999999998
2024-08-21 03:30:00,145.12,145.542,144.922,145.44,58.78758396430991,47.17473058371487,145.28
2024-08-21 04:00:00,145.44,145.573,145.243,145.393,55.79831476829063,45.82323934584775,145.41649999999998
2024-08-21 04:30:00,145.393,145.577,145.334,145.398,56.07552225623891,46.00047478957296,145.3955
2024-08-21 05:00:00,145.398,145.483,145.266,145.304,49.29485597323651,43.14295057716455,145.351
2024-08-21 05:30:00,145.304,145.38,145.271,145.38,54.486144833508185,46.06041537475874,145.34199999999998
2024-08-21 06:00:00,145.379,145.5,145.353,145.434,58.04668896841174,48.09824648435574,145.40699999999998
2024-08-21 06:30:00,145.434,145.557,145.361,145.466,60.19930426575131,49.32014972112435,145.45
2024-08-21 07:00:00,145.467,145.525,145.383,145.499,62.51342841501029,50.61145712910711,145.48250000000002
2024-08-21 07:30:00,145.5,145.749,145.491,145.662,71.92133343891474,56.506381145055286,145.5805
2024-08-21 08:00:00,145.662,145.771,145.646,145.706,73.97802566890687,57.964905812779605,145.684
2024-08-21 08:30:00,145.706,145.748,145.504,145.657,67.54958410502593,55.72382637147042,145.6815
2024-08-21 09:00:00,145.657,145.95,145.559,145.842,76.5321244761584,61.73852841777825,145.7495
2024-08-21 09:30:00,145.843,145.967,145.82,145.94,79.96035536290526,64.49040402177833,145.89100000000002
2024-08-21 10:00:00,145.939,146.032,145.681,145.723,58.05258067158064,55.04903114414367,145.8315
2024-08-21 10:30:00,145.722,146.216,145.707,146.134,73.87127526948382,65.38536595089695,145.92849999999999
2024-08-21 11:00:00,146.133,146.16,145.947,146.0,64.60432647591021,60.500692694555795,146.067
2024-08-21 11:30:00,146.0,146.032,145.871,146.02,65.3609828833736,60.96936624349762,146.01
2024-08-21 12:00:00,146.02,146.066,145.942,146.008,64.3973435334259,60.50547987858002,146.014
2024-08-21 12:30:00,146.009,146.172,145.943,146.105,68.74322077556106,62.95883139289134,146.0565
2024-08-21 13:00:00,146.105,146.17,146.03,146.037,62.50326223634408,60.138517067436844,146.071
2024-08-21 13:30:00,146.036,146.214,146.029,146.164,68.6949354819087,63.43315599672309,146.1005
2024-08-21 14:00:00,146.164,146.188,146.067,146.154,67.66847088479236,62.99166845941779,146.159
2024-08-21 14:30:00,146.155,146.165,146.024,146.051,57.36768028675976,58.477161558862846,146.1025
2024-08-21 15:00:00,146.051,146.051,145.896,145.929,47.39738590851358,53.579041366450305,145.99
2024-08-21 15:30:00,145.929,145.932,145.724,145.766,37.294232829515536,47.81627099066896,145.8475
2024-08-21 16:00:00,145.766,145.766,145.508,145.63,30.885706448459544,43.60238652768339,145.69799999999998
2024-08-21 16:30:00,145.63,145.801,145.489,145.732,39.91928172277707,47.34997140613011,145.68099999999998
2024-08-21 17:00:00,145.731,146.88,145.527,145.759,42.25033214277309,48.32875781253849,145.7455
2024-08-21 17:30:00,145.759,146.133,145.401,145.636,35.027413027627944,44.28937596434607,145.6975
2024-08-21 18:00:00,145.636,145.637,145.279,145.368,24.416674546669427,37.02751108944471,145.502
2024-08-21 18:30:00,145.368,145.375,145.02,145.188,19.73275199269355,33.101765474821335,145.278
2024-08-21 19:00:00,145.188,145.201,145.028,145.104,17.86671024373993,31.427226890750873,145.14600000000002
2024-08-21 19:30:00,145.103,145.23,145.061,145.181,25.410185249535672,34.68880478871445,145.1425
2024-08-21 20:00:00,145.181,145.213,145.023,145.023,20.830245392259627,31.38957528530007,145.102
2024-08-21 20:30:00,145.023,145.083,144.931,145.05,23.576448331243384,32.569811469888265,145.0365
2024-08-21 21:00:00,145.051,145.052,144.444,144.484,12.755433283300093,23.45947439618645,144.767
2024-08-21 21:30:00,144.486,144.841,144.486,144.733,29.389195369778946,32.41583831186418,144.6085
2024-08-21 22:00:00,144.732,144.926,144.726,144.907,38.88811978435991,37.88558570914683,144.82
2024-08-21 22:30:00,144.906,145.031,144.896,145.0,43.61773972501714,40.65035470400262,144.95350000000002
2024-08-21 23:00:00,144.999,145.209,144.997,145.201,52.82397094742813,46.22183068372153,145.1005
2024-08-21 23:30:00,145.203,145.283,145.175,145.243,54.62993387577437,47.3343749352794,145.22199999999998
2024-08-22 00:00:00,145.196,145.196,145.128,145.162,50.29764306395606,45.38436013068636,145.2025
2024-08-22 00:30:00,145.161,145.177,145.115,145.152,49.72962275688905,45.1371336972987,145.15699999999998
2024-08-22 01:00:00,145.153,145.161,144.959,145.048,43.73665523777855,42.541634598200766,145.1
2024-08-22 01:30:00,145.049,145.115,144.879,144.882,35.720504403779785,38.71493098066192,144.965
2024-08-22 02:00:00,144.882,144.947,144.836,144.924,39.019626475797594,40.18107009225762,144.90300000000002
2024-08-22 02:30:00,144.924,145.135,144.854,145.115,52.070974971348534,46.45459294732148,145.0195
2024-08-22 03:00:00,145.115,145.324,144.931,145.293,61.11870193610872,51.55381311062792,145.204
2024-08-22 03:30:00,145.293,145.428,145.231,145.323,62.51026009221135,52.376973505074,145.308
2024-08-22 04:00:00,145.323,145.487,145.206,145.386,65.53254822940087,54.13923416890208,145.3545
2024-08-22 04:30:00,145.387,145.63,145.383,145.606,74.05413564387449,59.74165680409619,145.49599999999998
2024-08-22 05:00:00,145.606,145.621,145.386,145.442,60.94889202266322,54.40600754594487,145.524
2024-08-22 05:30:00,145.441,145.518,145.362,145.434,60.341173515786856,54.151936704214435,145.438
2024-08-22 06:00:00,145.435,145.471,145.302,145.303,50.68613666720669,50.031725820963565,145.36849999999998
2024-08-22 06:30:00,145.304,145.336,145.195,145.255,47.44115555170792,48.57338691071068,145.279
2024-08-22 07:00:00,145.254,145.398,144.992,145.032,35.219781090183886,42.39126375657853,145.14350000000002
2024-08-22 07:30:00,145.033,145.154,144.975,145.122,42.22740957393227,45.41098499387338,145.077
2024-08-22 08:00:00,145.122,145.195,145.057,145.073,39.51245228028142,44.05694607127881,145.09750000000003
2024-08-22 08:30:00,145.074,145.291,145.002,145.259,52.91806140641006,50.13503802599393,145.166
2024-08-22 09:00:00,145.257,145.441,145.203,145.224,50.46282118007656,49.054987559571096,145.24149999999997
2024-08-22 09:30:00,145.223,145.43,145.191,145.369,59.53678765944981,53.5221652610347,145.29649999999998
2024-08-22 10:00:00,145.369,145.463,145.268,145.277,52.42799618677111,50.49665470440467,145.32299999999998
2024-08-22 10:30:00,145.276,145.276,145.078,145.235,49.293224893442414,49.13122686456948,145.256
2024-08-22 11:00:00,145.235,145.564,145.235,145.497,64.6680207782045,56.95117894913932,145.366
2024-08-22 11:30:00,145.495,145.659,145.462,145.624,69.8396660976153,60.14917046854299,145.5605
2024-08-22 12:00:00,145.625,145.744,145.556,145.625,69.88016622652877,60.1742581705247,145.6245
2024-08-22 12:30:00,145.625,145.636,145.548,145.595,66.7433001236873,58.97477070214176,145.61
2024-08-22 13:00:00,145.596,145.839,145.551,145.836,76.59152171220107,65.00899983897486,145.71550000000002
2024-08-22 13:30:00,145.836,145.875,145.727,145.751,68.27248494446891,61.56929237211811,145.7935
2024-08-22 14:00:00,145.752,145.97,145.728,145.951,75.5596373291312,66.11269116815026,145.851
2024-08-22 14:30:00,145.951,146.139,145.944,145.98,76.4737288541142,66.72694495346275,145.9655
2024-08-22 15:00:00,145.977,146.201,145.957,146.114,80.42122066711974,69.47983649058204,146.047
2024-08-22 15:30:00,146.112,146.335,145.866,146.038,72.38465942104732,66.13759154526494,146.07600000000002
2024-08-22 16:00:00,146.038,146.04,145.812,145.954,64.12201197747913,62.55582230953828,145.996
2024-08-22 16:30:00,145.953,146.477,145.899,146.265,75.9701780423955,69.20534352942991,146.1095
2024-08-22 17:00:00,146.265,146.515,146.26,146.451,80.4702468211622,72.36606384052757,146.358
2024-08-22 17:30:00,146.451,146.459,146.212,146.222,63.412774303695265,63.697620161428446,146.3365
2024-08-22 18:00:00,146.224,146.339,146.076,146.105,56.29933280827012,59.758996040499746,146.1635
2024-08-22 18:30:00,146.105,146.114,145.866,145.965,48.6765770525078,55.34881409543166,146.035
2024-08-22 19:00:00,145.966,146.229,145.954,146.181,58.73375647798046,60.2259357034813,146.073
2024-08-22 19:30:00,146.181,146.34,146.18,146.319,63.99296162032421,63.00610155883548,146.25
2024-08-22 20:00:00,146.319,146.48,146.266,146.414,67.33631066742937,64.82868947673481,146.36649999999997
2024-08-22 20:30:00,146.414,146.431,146.285,146.306,59.952984336315616,61.14082850693761,146.36
2024-08-22 21:00:00,146.306,146.317,146.189,146.244,55.851400988158176,59.063620536738576,146.275
2024-08-22 21:30:00,146.243,146.336,146.208,146.21,53.509308243514695,57.901869266007225,146.227
2024-08-22 22:00:00,146.211,146.255,146.166,146.212,53.64271746662439,57.95425956269457,146.211
2024-08-22 22:30:00,146.212,146.31,146.211,146.284,58.62887984080989,59.88949309288237,146.248
2024-08-22 23:00:00,146.284,146.363,146.282,146.326,61.45069513019577,61.01666925368061,146.305
2024-08-22 23:30:00,146.326,146.341,146.237,146.272,55.747145846844774,58.73142140369218,146.29899999999998
2024-08-23 00:00:00,146.267,146.269,146.251,146.253,53.70113244780101,57.909595421577336,146.2625
2024-08-23 00:30:00,146.252,146.253,146.225,146.225,50.51366377208038,56.651510482445985,146.23899999999998
2024-08-23 01:00:00,146.229,146.267,146.155,146.156,43.1501856773032,53.5633295264427,146.1905
2024-08-23 01:30:00,146.156,146.211,146.138,146.168,44.783325329234685,54.03263721977562,146.162
2024-08-23 02:00:00,146.168,146.175,146.009,146.056,34.112623959101555,49.05002286696601,146.11200000000002
2024-08-23 02:30:00,146.058,146.22,146.034,146.197,51.19326782932201,54.712022178169754,146.12650000000002
2024-08-23 03:00:00,146.197,146.326,145.998,146.071,40.30104425375124,49.42612734367351,146.13400000000001
2024-08-23 03:30:00,146.072,146.233,145.882,146.063,39.67573492770789,49.101760139645364,146.067
2024-08-23 04:00:00,146.062,146.121,145.683,145.801,24.9088182534406,39.87279473140901,145.932
2024-08-23 04:30:00,145.8,145.817,145.452,145.473,16.136772836876574,31.81161045375373,145.637
2024-08-23 05:00:00,145.473,145.65,145.283,145.564,24.71806803129742,35.69591241910004,145.51850000000002
2024-08-23 05:30:00,145.564,145.685,145.469,145.59,27.201113946965762,36.80358556905593,145.577
2024-08-23 06:00:00,145.59,145.617,145.468,145.523,24.74715384656939,35.124512885165515,145.5565
2024-08-23 06:30:00,145.523,145.709,145.523,145.659,37.99432487181133,41.00783329807364,145.591
2024-08-23 07:00:00,145.659,145.889,145.568,145.818,49.99974667598477,47.053222945257616,145.7385
2024-08-23 07:30:00,145.818,145.836,145.71,145.761,46.254148425578116,45.26249006600203,145.7895
2024-08-23 08:00:00,145.762,145.762,145.568,145.645,39.2695800993586,41.77786918900586,145.703
2024-08-23 08:30:00,145.646,145.691,145.551,145.663,40.88558829121762,42.51739398435996,145.654
2024-08-23 09:00:00,145.664,145.787,145.508,145.574,35.44488397310208,39.823931322721016,145.6185
2024-08-23 09:30:00,145.575,145.617,145.28,145.443,28.8518338878893,36.18983147777347,145.50850000000003
2024-08-23 10:00:00,145.443,145.631,145.404,145.62,44.98336529090955,43.66950963086996,145.5315
2024-08-23 10:30:00,145.62,145.969,145.62,145.816,57.4475983023413,50.577967445671526,145.71800000000002
2024-08-23 11:00:00,145.816,145.906,145.78,145.876,60.63287527822383,52.49851313929434,145.846
2024-08-23 11:30:00,145.876,146.014,145.74,145.922,63.103259463595634,53.9751960661411,145.899
2024-08-23 12:00:00,145.922,146.062,145.917,145.996,66.99089248394282,56.32725968558829,145.959
2024-08-23 12:30:00,145.996,146.143,145.949,146.127,72.89029933118117,60.204439984851135,146.06150000000002
2024-08-23 13:00:00,146.127,146.165,146.022,146.102,70.10088165636029,59.12565494553742,146.11450000000002
2024-08-23 13:30:00,146.102,146.114,145.983,146.008,60.024452483436306,55.12588942818897,146.055
2024-08-23 14:00:00,146.008,146.083,145.929,146.043,62.37386748532489,56.31099116234701,146.02550000000002
2024-08-23 14:30:00,146.043,146.09,145.933,146.022,59.90920795072458,55.36619014222153,146.0325
2024-08-23 15:00:00,146.022,146.123,145.934,146.089,65.04972863724522,57.79901031987279,146.0555
2024-08-23 15:30:00,146.089,146.164,145.95,145.977,52.03708719751392,52.63433425006706,146.03300000000002
2024-08-23 16:00:00,145.978,146.243,145.966,146.193,66.92425602678175,60.04870010145844,146.085
2024-08-23 16:30:00,146.193,146.469,146.187,146.203,67.46962283246484,60.35808274701493,146.198
2024-08-23 17:00:00,146.203,146.285,145.126,145.343,25.418622508256405,35.14886144974,145.773
2024-08-23 17:30:00,145.342,145.465,144.941,145.2,22.676828964841846,32.702989485856364,145.2715
2024-08-23 18:00:00,145.2,145.202,144.589,144.727,16.01187859989524,26.20694918753469,144.9635
2024-08-23 18:30:00,144.727,144.948,144.674,144.856,23.1944894098131,30.274793454164467,144.79149999999998
2024-08-23 19:00:00,144.856,144.935,144.745,144.83,22.737261170825875,29.91683484062939,144.84300000000002
2024-08-23 19:30:00,144.83,144.97,144.77,144.837,23.21271573228904,30.156270277314988,144.83350000000002
2024-08-23 20:00:00,144.836,144.843,144.573,144.583,18.415362844535096,26.604461673939824,144.70999999999998
2024-08-23 20:30:00,144.584,144.591,144.333,144.392,15.588931163175104,24.28788850282453,144.4875
2024-08-23 21:00:00,144.392,144.436,144.121,144.179,12.994158081747656,21.988472607882315,144.2855
2024-08-23 21:30:00,144.179,144.347,144.156,144.282,20.463053359346773,25.653929307929815,144.2305
2024-08-23 22:00:00,144.283,144.294,144.14,144.172,18.48585702690221,24.338684611209814,144.227
2024-08-23 22:30:00,144.171,144.259,144.037,144.223,22.5345220415512,26.227160056224022,144.1975
2024-08-23 23:00:00,144.222,144.344,144.221,144.319,30.153099120583562,29.780065234080524,144.27100000000002
2024-08-23 23:30:00,144.318,144.399,144.21,144.336,31.544017189335406,30.419121932431636,144.3275
2024-08-26 00:00:00,144.209,144.228,144.128,144.129,24.58818503153971,27.175951073507065,144.23250000000002
2024-08-26 00:30:00,144.133,144.133,144.007,144.027,21.821875444609105,25.72075543312782,144.07799999999997
2024-08-26 01:00:00,144.026,144.331,144.024,144.248,39.13206330214081,33.97068448174869,144.1375
2024-08-26 01:30:00,144.248,144.272,143.838,143.892,27.633250175221093,28.4827696742623,144.07
2024-08-26 02:00:00,143.892,143.941,143.548,143.789,25.139719513106556,27.117780776883194,143.8405
2024-08-26 02:30:00,143.789,144.012,143.679,143.912,33.499969518629044,31.348823910070976,143.8505
2024-08-26 03:00:00,143.912,144.043,143.508,143.563,24.458109108589355,26.625676367653824,143.7375
2024-08-26 03:30:00,143.564,143.736,143.436,143.701,32.82255741760649,31.049387225899707,143.632
2024-08-26 04:00:00,143.701,143.757,143.437,143.649,31.299026316401893,30.307893775823047,143.675
2024-08-26 04:30:00,143.653,143.875,143.593,143.73,36.643427448277045,32.992282873939416,143.6895
2024-08-26 05:00:00,143.73,143.813,143.527,143.685,34.88451921656086,32.249106756685165,143.70749999999998
2024-08-26 05:30:00,143.686,143.981,143.654,143.922,49.71534120475947,39.92444752786439,143.80349999999999
2024-08-26 06:00:00,143.921,143.947,143.784,143.889,47.94153846740313,39.25755452489337,143.90550000000002
2024-08-26 06:30:00,143.889,144.082,143.874,143.958,52.10969870426312,41.45943621768268,143.9235
2024-08-26 07:00:00,143.959,143.968,143.731,143.858,45.89630971731075,39.23940193914079,143.90800000000002
2024-08-26 07:30:00,143.858,144.031,143.826,144.031,56.391182615730415,44.75116107072903,143.9445
2024-08-26 08:00:00,144.031,144.09,143.915,144.071,58.55956219074369,45.97152529881163,144.051
2024-08-26 08:30:00,144.071,144.205,144.042,144.043,56.27440166077528,45.21857568430619,144.05700000000002
2024-08-26 09:00:00,144.05,144.055,143.839,143.858,43.26134323714448,40.498837193887795,143.9505
2024-08-26 09:30:00,143.858,143.888,143.678,143.755,37.611895444112044,38.11360188116148,143.8065
2024-08-26 10:00:00,143.756,143.802,143.589,143.784,40.178000812278135,39.19938259287341,143.7695
2024-08-26 10:30:00,143.784,143.899,143.684,143.878,48.23038158371711,42.70814787307501,143.831
2024-08-26 11:00:00,143.877,143.953,143.779,143.795,42.35703106173913,40.4864211531296,143.8365
2024-08-26 11:30:00,143.796,143.924,143.766,143.852,47.481201399223835,42.691286179736416,143.8235
2024-08-26 12:00:00,143.852,143.972,143.814,143.91,52.49447353079268,44.92713004171843,143.881
2024-08-26 12:30:00,143.91,143.991,143.887,143.958,56.50334718060852,46.777728282908555,143.934
2024-08-26 13:00:00,143.958,144.052,143.958,144.037,62.568576432875076,49.76939612155232,143.9975
2024-08-26 13:30:00,144.037,144.111,143.998,144.024,60.937263128050894,49.27851254798733,144.03050000000002
2024-08-26 14:00:00,144.023,144.178,143.954,144.133,68.87534517379754,53.42637195758517,144.07850000000002
2024-08-26 14:30:00,144.134,144.217,144.088,144.123,67.40914910092387,52.998167596402574,144.128
2024-08-26 15:00:00,144.122,144.187,144.03,144.124,67.48988998350508,53.03870166344569,144.12349999999998
2024-08-26 15:30:00,144.123,144.353,143.904,143.927,43.00386462889766,44.83558094384524,144.0255
2024-08-26 16:00:00,143.926,144.062,143.846,144.048,54.76437358925647,49.95532145633039,143.9875
2024-08-26 16:30:00,144.048,144.405,144.031,144.399,73.3643537753386,61.20361398452752,144.2235
2024-08-26 17:00:00,144.399,144.445,144.2,144.26,61.6522417210226,55.85003161815949,144.3295
2024-08-26 17:30:00,144.263,144.292,144.095,144.137,52.92894818038424,51.55274600582695,144.1985
2024-08-26 18:00:00,144.137,144.595,144.124,144.534,69.29079623881469,61.775774461487785,144.3355
2024-08-26 18:30:00,144.531,144.549,144.413,144.5,66.96505247119245,60.596456998745204,144.517
2024-08-26 19:00:00,144.5,144.566,144.446,144.531,68.10386931588387,61.32147681101832,144.5155
2024-08-26 19:30:00,144.531,144.592,144.437,144.449,61.55532408717271,58.267419198204074,144.49
2024-08-26 20:00:00,144.449,144.451,144.308,144.421,59.28439080898911,57.21947691105736,144.435
2024-08-26 20:30:00,144.42,144.545,144.411,144.513,64.3290315026015,59.77911012737137,144.46699999999998
2024-08-26 21:00:00,144.513,144.574,144.499,144.55,66.28879756065724,60.795057127565656,144.5315
2024-08-26 21:30:00,144.55,144.641,144.489,144.492,60.23647660448185,58.3086990090574,144.52100000000002
2024-08-26 22:00:00,144.492,144.565,144.486,144.536,63.20944075004324,59.656657907323165,144.514
2024-08-26 22:30:00,144.536,144.589,144.535,144.587,66.58757636482785,61.22168659089332,144.5615
2024-08-26 23:00:00,144.587,144.599,144.497,144.498,56.10010099255684,57.06163109349296,144.5425
2024-08-26 23:30:00,144.498,144.535,144.444,144.504,56.637259552088395,57.272420148189845,144.50099999999998
2024-08-27 00:00:00,144.515,144.539,144.501,144.519,58.131475720586394,57.82977669409265,144.5115
2024-08-27 00:30:00,144.519,144.53,144.492,144.493,54.34459239445871,56.455117937452776,144.506
2024-08-27 01:00:00,144.493,144.501,144.356,144.366,39.63188819964707,50.18042112914601,144.42950000000002
2024-08-27 01:30:00,144.366,144.404,144.311,144.357,38.76422172989713,49.75835653089252,144.3615
2024-08-27 02:00:00,144.356,144.38,144.222,144.368,40.61800848400931,50.30848199444237,144.3625
2024-08-27 02:30:00,144.368,144.519,144.366,144.495,57.81831770560232,56.2629518161517,144.4315
2024-08-27 03:00:00,144.495,144.685,144.443,144.632,69.08725007364794,61.607475804566576,144.5635
2024-08-27 03:30:00,144.631,144.85,144.614,144.834,78.82041241566229,67.846339159489,144.733
2024-08-27 04:00:00,144.834,144.941,144.708,144.72,65.28607091472381,61.747894006061394,144.777
2024-08-27 04:30:00,144.72,144.772,144.594,144.684,61.401678394051004,59.916337611643,144.702
2024-08-27 05:00:00,144.684,144.837,144.641,144.825,69.65237604094136,64.37362900397434,144.7545
2024-08-27 05:30:00,144.825,144.949,144.805,144.86,71.42149669858429,65.40208835552761,144.8425
2024-08-27 06:00:00,144.861,144.96,144.792,144.916,74.22614793369081,67.04149868332576,144.888
2024-08-27 06:30:00,144.916,144.951,144.806,144.822,62.26044492978605,61.752013395375336,144.869
2024-08-27 07:00:00,144.822,144.824,144.741,144.763,55.68682350350806,58.62546714786804,144.79250000000002
2024-08-27 07:30:00,144.763,144.788,144.615,144.626,43.30142458407008,52.037069481192994,144.6945
2024-08-27 08:00:00,144.627,144.707,144.564,144.676,48.20632823488479,54.0659762880161,144.651
2024-08-27 08:30:00,144.676,144.883,144.675,144.776,56.90515099808063,57.90160536820182,144.726
2024-08-27 09:00:00,144.777,144.85,144.66,144.705,49.955370265304,54.426593459135724,144.7405
2024-08-27 09:30:00,144.705,144.85,144.634,144.817,59.13935587837307,58.64314624669964,144.76100000000002
2024-08-27 10:00:00,144.817,145.09,144.77,145.058,72.0266959674453,65.94468859190772,144.9375
2024-08-27 10:30:00,145.059,145.164,144.86,144.988,65.07197288780841,62.493507883921815,145.023
2024-08-27 11:00:00,144.988,145.051,144.929,145.024,66.98469930650737,63.55001960967784,145.006
2024-08-27 11:30:00,145.027,145.139,145.004,145.052,68.54761209351,64.39020960371622,145.038
2024-08-27 12:00:00,145.052,145.063,144.786,144.846,48.74230668302927,54.44658493423765,144.949
2024-08-27 12:30:00,144.845,144.856,144.725,144.823,46.97440579514614,53.454038787265816,144.8345
2024-08-27 13:00:00,144.822,144.849,144.67,144.761,42.16476976427088,50.76737507886693,144.792
2024-08-27 13:30:00,144.761,144.841,144.757,144.768,42.93439357263009,51.06641615200967,144.7645
2024-08-27 14:00:00,144.768,144.873,144.604,144.626,32.65130344205666,45.08401630224247,144.697
2024-08-27 14:30:00,144.625,144.666,144.496,144.522,27.10440757214556,41.270629748052485,144.574
2024-08-27 15:00:00,144.521,144.579,144.391,144.567,32.86203584195445,43.49762254666441,144.5445
2024-08-27 15:30:00,144.567,144.591,144.324,144.378,23.69247002564599,37.12943577697378,144.4725
2024-08-27 16:00:00,144.378,144.475,144.257,144.398,26.23360564743372,38.16116199517663,144.38799999999998
2024-08-27 16:30:00,144.398,144.404,144.228,144.32,22.781706508655688,35.7005597022153,144.35899999999998
2024-08-27 17:00:00,144.321,144.488,144.193,144.294,21.672688895538755,34.89291469733185,144.30700000000002
2024-08-27 17:30:00,144.294,144.495,144.144,144.241,19.423949898599574,33.242017373083286,144.2675
2024-08-27 18:00:00,144.241,144.358,144.21,144.264,23.445519806062563,34.68620748440421,144.2525
2024-08-27 18:30:00,144.264,144.29,144.172,144.256,22.980094073275325,34.40739017657076,144.26
2024-08-27 19:00:00,144.256,144.281,144.127,144.128,16.766950599833393,30.22153585881084,144.192
2024-08-27 19:30:00,144.128,144.187,144.09,144.125,16.643903088815804,30.129020601771188,144.1265
2024-08-27 20:00:00,144.126,144.146,143.932,144.013,12.612448923243775,26.827198959561898,144.06900000000002
2024-08-27 20:30:00,144.014,144.153,144.006,144.139,33.69238418464306,35.40375752153501,144.07600000000002
2024-08-27 21:00:00,144.139,144.14,143.94,143.941,23.36109803526459,29.543635689329662,144.04000000000002
2024-08-27 21:30:00,143.941,144.034,143.907,144.004,31.19316475039767,33.32526230435798,143.9725
2024-08-27 22:00:00,144.004,144.057,143.986,144.004,31.19316475039767,33.32526230435798,144.004
2024-08-27 22:30:00,144.005,144.024,143.932,143.965,28.72012515744167,32.088733006184626,143.9845
2024-08-27 23:00:00,143.964,143.999,143.935,143.953,27.925368860828158,31.69899066392395,143.959
2024-08-27 23:30:00,143.953,143.965,143.915,143.933,26.499496001432163,31.022692905633832,143.94299999999998
2024-08-28 00:00:00,143.939,143.983,143.933,143.951,30.23957112192184,32.42014510548083,143.942
2024-08-28 00:30:00,143.951,143.951,143.927,143.927,28.021540481640514,31.503681025288188,143.939
2024-08-28 01:00:00,143.926,143.928,143.672,143.725,16.28929534141163,25.078011310834356,143.826
2024-08-28 01:30:00,143.725,143.862,143.679,143.853,36.07547754657482,34.23208593269898,143.789
2024-08-28 02:00:00,143.85,143.868,143.745,143.774,30.8286227978643,31.660917907849083,143.8135
2024-08-28 02:30:00,143.774,143.97,143.712,143.954,50.11495120458049,42.29584005524772,143.864
2024-08-28 03:00:00,143.954,144.16,143.899,144.083,59.545799387914435,48.48333431170881,144.01850000000002
2024-08-28 03:30:00,144.083,144.236,144.069,144.101,60.75363916868758,49.30025693346963,144.09199999999998
2024-08-28 04:00:00,144.102,144.283,144.082,144.242,69.16677734353908,55.282231840832196,144.17149999999998
2024-08-28 04:30:00,144.242,144.383,144.079,144.351,74.16216238123448,59.281853384353624,144.29649999999998
2024-08-28 05:00:00,144.351,144.381,144.284,144.331,71.676306454254,58.25232057595409,144.341
2024-08-28 05:30:00,144.331,144.451,144.291,144.43,76.26983408970757,61.78975294900728,144.38049999999998
2024-08-28 06:00:00,144.431,144.479,144.312,144.375,69.01520045663094,58.80843949662771,144.4025
2024-08-28 06:30:00,144.375,144.415,144.338,144.402,70.61594585908365,59.833020072521435,144.3885
2024-08-28 07:00:00,144.401,144.472,144.39,144.436,72.68883351134977,61.14370731180865,144.41899999999998
2024-08-28 07:30:00,144.436,144.528,144.333,144.343,59.33199132547085,55.781892036682954,144.3895
2024-08-28 08:00:00,144.343,144.526,144.279,144.476,68.87458997868707,61.04323210618688,144.40949999999998
2024-08-28 08:30:00,144.476,144.511,144.363,144.386,58.109899782741344,56.17248680155479,144.43099999999998
2024-08-28 09:00:00,144.387,144.581,144.355,144.543,68.2190264541005,61.88578286916241,144.4645
2024-08-28 09:30:00,144.544,144.593,144.436,144.523,65.85701807202753,60.79848709527251,144.53300000000002
2024-08-28 10:00:00,144.523,144.561,144.347,144.353,49.02433508015479,52.37512462873196,144.438
2024-08-28 10:30:00,144.353,144.552,144.326,144.552,62.213986140426094,59.456294235435564,144.4525
2024-08-28 11:00:00,144.552,144.565,144.407,144.437,52.973032423677374,54.420551547739876,144.49450000000002
2024-08-28 11:30:00,144.436,144.449,144.31,144.336,45.97577084383315,50.384378171272104,144.3865
2024-08-28 12:00:00,144.336,144.339,144.053,144.117,34.460694309458205,42.94660197799869,144.2265
2024-08-28 12:30:00,144.118,144.27,144.115,144.268,45.45088315764952,48.582646769639766,144.1925
2024-08-28 13:00:00,144.267,144.478,144.236,144.451,55.90551075299475,54.45476383019381,144.3595
2024-08-28 13:30:00,144.45,144.455,144.351,144.4,52.62615622526489,52.65013357300727,144.4255
2024-08-28 14:00:00,144.4,144.476,144.351,144.398,52.48529935366497,52.57654863431654,144.399
2024-08-28 14:30:00,144.398,144.405,144.261,144.313,46.3359373431941,49.415533624780295,144.3555
2024-08-28 15:00:00,144.312,144.672,144.3,144.657,65.44925576630436,59.91832132134801,144.485
2024-08-28 15:30:00,144.655,144.767,144.65,144.696,67.00368495495691,60.90927195718476,144.6765
2024-08-28 16:00:00,144.696,144.935,144.689,144.88,73.55292838297848,65.27169344939823,144.788
2024-08-28 16:30:00,144.881,145.028,144.81,144.831,69.28062083086972,63.24746317193848,144.8555
2024-08-28 17:00:00,144.831,144.831,144.537,144.675,56.98621229475569,57.16880967929391,144.753
2024-08-28 17:30:00,144.674,144.674,144.432,144.479,45.22283736099426,50.59002962768278,144.577
2024-08-28 18:00:00,144.478,144.615,144.344,144.377,40.186310305375954,47.52498376021485,144.428
2024-08-28 18:30:00,144.377,144.463,144.337,144.46,45.9056987014238,50.17056215877556,144.4185
2024-08-28 19:00:00,144.46,144.622,144.456,144.598,54.36927887339517,54.296330178498636,144.529
2024-08-28 19:30:00,144.598,144.747,144.584,144.731,61.19581653084587,57.91311628299616,144.6645
2024-08-28 20:00:00,144.731,144.8,144.661,144.691,58.143700989680006,56.46584281506469,144.711
2024-08-28 20:30:00,144.691,144.78,144.56,144.62,52.700673260280475,53.891440039068655,144.65550000000002
2024-08-28 21:00:00,144.62,144.639,144.5,144.631,53.48769523880947,54.239536903185694,144.6255
2024-08-28 21:30:00,144.63,144.717,144.611,144.641,54.29429195089509,54.57527671351062,144.636
2024-08-28 22:00:00,144.64,144.718,144.638,144.687,58.18579235760886,56.168374809791956,144.664
2024-08-28 22:30:00,144.686,144.748,144.676,144.69,58.4549311717069,56.27607524862703,144.6885
2024-08-28 23:00:00,144.691,144.761,144.405,144.542,42.65355407672251,49.777897426058125,144.61599999999999
2024-08-28 23:30:00,144.542,144.67,144.537,144.58,46.94925412953289,51.33178561978082,144.561
2024-08-29 00:00:00,144.557,144.558,144.484,144.489,38.824071905701835,47.53852196252988,144.5345
2024-08-29 00:30:00,144.488,144.506,144.425,144.436,34.73897233729019,45.43273375777051,144.4625
2024-08-29 01:00:00,144.437,144.443,144.274,144.304,26.60489977862241,40.608099229982855,144.37
2024-08-29 01:30:00,144.304,144.412,144.268,144.288,25.752196003783936,40.05288562938955,144.296
2024-08-29 02:00:00,144.287,144.348,144.209,144.314,30.005261848993598,41.453713698460255,144.301
2024-08-29 02:30:00,144.313,144.46,144.241,144.427,45.759406010192386,47.225742187003355,144.3705
2024-08-29 03:00:00,144.427,144.52,144.263,144.443,47.70381559926179,48.00736488993162,144.435
2024-08-29 03:30:00,144.443,144.587,144.374,144.418,44.777697243028996,46.840026226670034,144.4305
2024-08-29 04:00:00,144.418,144.485,144.334,144.468,51.69180810894337,49.485594228773316,144.44299999999998
2024-08-29 04:30:00,144.468,144.649,144.466,144.621,66.61451793269782,56.60269396324092,144.5445
2024-08-29 05:00:00,144.621,144.685,144.482,144.515,53.30515308828102,51.218577632460786,144.56799999999998
2024-08-29 05:30:00,144.515,144.577,144.442,144.576,58.82797936087861,53.93417181574862,144.5455
2024-08-29 06:00:00,144.576,144.599,144.468,144.489,49.154328645837964,49.6858515530692,144.5325
2024-08-29 06:30:00,144.489,144.604,144.489,144.516,52.01149168001044,50.97643855845799,144.5025
2024-08-29 07:00:00,144.516,144.562,144.449,144.551,55.770267458378065,52.67121146612301,144.5335
2024-08-29 07:30:00,144.551,144.706,144.546,144.662,65.70829102883006,57.66927712468724,144.60649999999998
2024-08-29 08:00:00,144.662,144.852,144.66,144.757,71.99199008023315,61.42400932327867,144.7095
2024-08-29 08:30:00,144.756,144.773,144.548,144.607,53.8236942173836,53.37385524716469,144.68200000000002
2024-08-29 09:00:00,144.608,144.643,144.451,144.559,49.18925659022574,51.06740300564101,144.583
2024-08-29 09:30:00,144.558,144.662,144.494,144.569,50.23082907233869,51.53726172234362,144.564
2024-08-29 10:00:00,144.568,144.74,144.542,144.668,59.75855932604235,56.03783627136999,144.61849999999998
2024-08-29 10:30:00,144.67,144.834,144.67,144.716,63.690460717814645,58.070968245229814,144.692
2024-08-29 11:00:00,144.716,144.72,144.493,144.535,44.54357040134317,48.889286576180936,144.6255
2024-08-29 11:30:00,144.536,144.731,144.459,144.679,56.641886856880205,54.987033554637,144.607
2024-08-29 12:00:00,144.68,144.727,144.493,144.633,52.38291449136561,52.81918386786905,144.656
2024-08-29 12:30:00,144.634,144.635,144.436,144.51,42.430298152188435,47.43411078367185,144.57150000000001
2024-08-29 13:00:00,144.511,144.549,144.451,144.496,41.38612602872478,46.848640954336126,144.503
2024-08-29 13:30:00,144.495,144.577,144.461,144.476,39.75554468621183,45.975613437981,144.486
2024-08-29 14:00:00,144.474,144.589,144.452,144.525,45.85333239308276,48.507396853407485,144.5005
2024-08-29 14:30:00,144.525,144.691,144.489,144.58,52.19034056840722,51.267989509396386,144.5525
2024-08-29 15:00:00,144.579,144.739,144.528,144.676,61.3916409783492,55.72934336689346,144.628
2024-08-29 15:30:00,144.675,145.412,144.528,145.383,85.45053281671358,74.35192734891442,145.02949999999998
2024-08-29 16:00:00,145.383,145.485,145.282,145.386,85.49527861886878,74.40113483914747,145.3845
2024-08-29 16:30:00,145.385,145.48,145.251,145.361,83.01318682452145,73.14178761983355,145.37349999999998
2024-08-29 17:00:00,145.36,145.369,145.174,145.313,77.94434940599169,70.66848300154875,145.337
2024-08-29 17:30:00,145.313,145.543,145.303,145.337,78.70292358922258,71.19300615729483,145.325
2024-08-29 18:00:00,145.336,145.381,145.18,145.263,70.037743410989,67.20256291453174,145.3
2024-08-29 18:30:00,145.263,145.275,144.964,144.975,46.694542267128284,54.41833492433665,145.119
2024-08-29 19:00:00,144.975,145.035,144.894,144.897,42.24558253351944,51.55765901158547,144.93599999999998
2024-08-29 19:30:00,144.896,144.995,144.895,144.992,49.13227178886665,54.68233251299725,144.9445
2024-08-29 20:00:00,144.992,145.011,144.816,144.852,40.77330794846828,49.6043797199319,144.922
2024-08-29 20:30:00,144.853,144.907,144.807,144.845,40.372635485619,49.357576883771074,144.8485
2024-08-29 21:00:00,144.844,144.886,144.782,144.801,37.65881203924625,47.749387296316314,144.82299999999998
2024-08-29 21:30:00,144.8,144.822,144.713,144.767,35.50710666491781,46.48888548602473,144.784
2024-08-29 22:00:00,144.766,144.864,144.745,144.835,43.09380046621051,49.367727107186155,144.801
2024-08-29 22:30:00,144.834,144.925,144.831,144.906,50.22622953834635,52.25592771381978,144.8705
2024-08-29 23:00:00,144.907,144.982,144.889,144.949,54.27555957537138,53.96850356306385,144.9275
2024-08-29 23:30:00,144.949,145.002,144.934,144.971,56.39313326275916,54.86062667441992,144.96
2024-08-30 00:00:00,144.953,144.97,144.927,144.97,56.25497553511791,54.808629392629115,144.97050000000002
2024-08-30 00:30:00,144.97,144.979,144.942,144.971,56.37965211233227,54.85470987413989,144.97050000000002
2024-08-30 01:00:00,144.973,144.994,144.832,144.941,51.26575903525844,53.10524646999236,144.95600000000002
2024-08-30 01:30:00,144.942,144.963,144.889,144.893,43.8425479598609,50.33894374608247,144.917
2024-08-30 02:00:00,144.89,145.007,144.841,145.004,59.61797285176953,56.041523091580416,144.9485
2024-08-30 02:30:00,145.004,145.062,144.821,144.88,43.640478567272204,49.23930312416979,144.942
2024-08-30 03:00:00,144.879,144.901,144.738,144.846,40.1945763975972,47.535570772805094,144.863
2024-08-30 03:30:00,144.847,144.932,144.642,144.714,29.606046633986907,41.52786356283769,144.78
2024-08-30 04:00:00,144.714,144.865,144.675,144.799,41.23585171184857,46.23961222975496,144.75650000000002
2024-08-30 04:30:00,144.8,144.86,144.724,144.75,37.11223634936941,44.03663930391074,144.7745
2024-08-30 05:00:00,144.75,144.832,144.693,144.786,42.07709327618979,46.069558226543336,144.768
2024-08-30 05:30:00,144.786,144.798,144.742,144.76,39.4526657923584,44.80369825827897,144.773
2024-08-30 06:00:00,144.76,144.792,144.741,144.748,38.170707934203406,44.20004587482628,144.754
2024-08-30 06:30:00,144.748,144.794,144.741,144.783,44.32644341460435,46.46561519038714,144.76549999999997
2024-08-30 07:00:00,144.783,144.863,144.763,144.78,43.889478969627525,46.29211958755384,144.7815
2024-08-30 07:30:00,144.781,144.875,144.77,144.835,53.66018104605326,49.97960266695931,144.8075
2024-08-30 08:00:00,144.835,144.85,144.779,144.81,49.12391469114535,48.35446336480398,144.8225
2024-08-30 08:30:00,144.81,144.936,144.792,144.847,55.604234864663496,50.89914384126414,144.82850000000002
2024-08-30 09:00:00,144.849,145.037,144.849,145.037,74.81948522991904,61.41330455096456,144.942
2024-08-30 09:30:00,145.037,145.08,144.912,144.942,59.737227477349165,55.064238156158204,144.98950000000002
2024-08-30 10:00:00,144.942,144.998,144.81,144.811,45.108551914762785,47.735616354601056,144.87650000000002
2024-08-30 10:30:00,144.811,144.947,144.807,144.922,55.80682387137182,53.39560914156487,144.8665
2024-08-30 11:00:00,144.922,144.958,144.839,144.955,58.60511790428483,54.957352259312806,144.9385
2024-08-30 11:30:00,144.956,145.124,144.925,145.108,69.16585664890525,61.41358744733768,145.0315
2024-08-30 12:00:00,145.108,145.142,145.012,145.08,65.59297704639026,59.72636328496632,145.094
2024-08-30 12:30:00,145.08,145.131,145.062,145.121,68.38307154641055,61.39868905360281,145.1005
2024-08-30 13:00:00,145.121,145.243,145.098,145.173,71.77029906939163,63.470490105831054,145.147
2024-08-30 13:30:00,145.173,145.285,145.136,145.281,77.58822458006506,67.3857330216936,145.227
2024-08-30 14:00:00,145.28,145.311,145.217,145.269,75.56933865186349,66.53245494107153,145.275
2024-08-30 14:30:00,145.269,145.447,145.224,145.411,82.02607201354768,71.1826249689514,145.34
2024-08-30 15:00:00,145.412,145.431,145.307,145.327,69.37275714859086,65.39420705416654,145.369
2024-08-30 15:30:00,145.327,145.734,145.237,145.625,81.30734051603532,73.59698656292863,145.476
2024-08-30 16:00:00,145.626,145.649,145.415,145.522,70.2662078853084,67.62997216767327,145.5735
2024-08-30 16:30:00,145.523,145.679,145.449,145.587,72.96875255231302,69.32044031033328,145.5545
2024-08-30 17:00:00,145.573,145.609,145.305,145.588,73.01277905394184,69.34696246245781,145.58749999999998
2024-08-30 17:30:00,145.588,145.708,145.409,145.578,71.65127542122389,68.70730534174416,145.583
2024-08-30 18:00:00,145.578,145.778,145.548,145.757,79.59674018289047,73.43147009427342,145.66750000000002
2024-08-30 18:30:00,145.757,145.958,145.755,145.946,84.83317785080916,77.32407664731046,145.8515
2024-08-30 19:00:00,145.945,146.104,145.898,146.063,87.20484057145615,79.34185325903405,146.0045
2024-08-30 19:30:00,146.063,146.236,146.051,146.214,89.64330940922261,81.61555920111634,146.1385
2024-08-30 20:00:00,146.214,146.233,146.06,146.188,86.33796655376136,79.98317396941792,146.201
2024-08-30 20:30:00,146.187,146.187,146.103,146.143,80.3552446437308,77.10858165355978,146.1655
2024-08-30 21:00:00,146.143,146.164,146.039,146.095,73.97607977365982,74.05137929984713,146.119
2024-08-30 21:30:00,146.097,146.142,146.07,146.082,72.16586410471797,73.20483818875955,146.0885
2024-08-30 22:00:00,146.082,146.149,146.06,146.084,72.28757988679948,73.2554930143997,146.083
2024-08-30 22:30:00,146.083,146.233,146.072,146.174,77.46182696339883,75.50003200923159,146.12900000000002
2024-08-30 23:00:00,146.174,146.196,146.078,146.126,69.39926446914714,72.02804877188471,146.15
2024-08-30 23:30:00,146.126,146.203,146.114,146.167,72.27498427365921,73.16328725397088,146.1465
2024-09-02 00:00:00,146.078,146.095,146.078,146.081,58.76145901937973,67.01912892230061,146.124
2024-09-02 00:30:00,146.084,146.16,146.08,146.104,61.03464744558543,67.79800091939609,146.0925
2024-09-02 01:00:00,146.103,146.319,146.094,146.306,75.09898989178589,73.67748884919042,146.205
2024-09-02 01:30:00,146.307,146.436,146.298,146.435,80.37624477886732,76.6140239395682,146.3705
2024-09-02 02:00:00,146.435,146.589,146.367,146.432,79.91672193950572,76.40056189886589,146.43349999999998
2024-09-02 02:30:00,146.431,146.506,146.35,146.392,73.38990762781606,73.46158548224045,146.41199999999998
2024-09-02 03:00:00,146.392,146.535,146.273,146.276,57.50129408301783,65.5825909359601,146.334
2024-09-02 03:30:00,146.276,146.314,146.15,146.181,47.64564414731772,59.915025410860935,146.2285
2024-09-02 04:00:00,146.181,146.269,146.054,146.074,38.887293466484984,54.23047355741043,146.1275
2024-09-02 04:30:00,146.073,146.234,146.045,146.205,51.596309099767716,59.31933607578641,146.1395
2024-09-02 05:00:00,146.205,146.242,146.103,146.198,50.93595274147804,58.94221381362247,146.2015
2024-09-02 05:30:00,146.198,146.211,145.894,145.962,33.88031612388298,47.888343817161484,146.07999999999998
2024-09-02 06:00:00,145.962,146.002,145.818,145.821,27.46908308837935,42.73209477661483,145.8915
2024-09-02 06:30:00,145.821,145.979,145.819,145.94,38.8607848552673,47.83690874521456,145.88049999999998
2024-09-02 07:00:00,145.94,145.94,145.764,145.86,34.59876165745996,44.936899166244416,145.9
2024-09-02 07:30:00,145.86,145.937,145.839,145.923,40.585547126728954,47.629419304680184,145.8915
2024-09-02 08:00:00,145.923,146.161,145.918,146.114,55.11750987121184,54.83942001545933,146.01850000000002
2024-09-02 08:30:00,146.114,146.202,146.07,146.097,53.75232406670646,54.12517459277744,146.1055
2024-09-02 09:00:00,146.096,146.282,146.052,146.265,64.02548833399777,59.709856829406625,146.18099999999998
2024-09-02 09:30:00,146.265,146.267,146.065,146.149,54.307628040138255,54.75342931971584,146.207
2024-09-02 10:00:00,146.149,146.296,146.115,146.243,60.04144910402695,57.809687368547266,146.196
2024-09-02 10:30:00,146.244,146.466,146.184,146.463,70.23888960272785,63.94756788255004,146.353
2024-09-02 11:00:00,146.463,146.793,146.422,146.773,79.03459263317671,70.4673342430404,146.618
2024-09-02 11:30:00,146.774,146.834,146.675,146.691,72.42870620743327,67.01504919224445,146.732
2024-09-02 12:00:00,146.692,146.734,146.633,146.71,73.03789817204446,67.41341502854169,146.7005
2024-09-02 12:30:00,146.709,146.733,146.588,146.667,69.01182050520153,65.48583183007439,146.6885
2024-09-02 13:00:00,146.668,146.733,146.616,146.723,71.40660260316764,66.81656917373871,146.695
2024-09-02 13:30:00,146.723,146.798,146.701,146.795,74.3768567059235,68.4983058548391,146.75900000000001
2024-09-02 14:00:00,146.796,146.819,146.738,146.799,74.54822097493826,68.59353457594318,146.797
2024-09-02 14:30:00,146.799,146.98,146.792,146.977,81.10781383537596,72.56766016908112,146.888
2024-09-02 15:00:00,146.978,146.979,146.902,146.958,78.58559888307586,71.52723170641869,146.9675
2024-09-02 15:30:00,146.958,146.979,146.917,146.97,79.0652890368868,71.8022088036853,146.964
2024-09-02 16:00:00,146.97,147.163,146.932,147.112,84.01014185732986,74.89226353963065,147.041
2024-09-02 16:30:00,147.112,147.129,146.826,146.951,64.01050972677106,66.05390178103958,147.0315
2024-09-02 17:00:00,146.95,146.971,146.921,146.929,61.670013593665374,64.92634796338385,146.94
2024-09-02 17:30:00,146.93,147.005,146.908,146.95,63.16971608402357,65.5311960546815,146.9395
2024-09-02 18:00:00,146.95,147.058,146.929,147.002,66.90991862650685,67.04661959585991,146.976
2024-09-02 18:30:00,147.002,147.017,146.896,146.941,58.74529079088721,63.51868527919362,146.9715
2024-09-02 19:00:00,146.941,146.976,146.909,146.911,54.901429118615326,61.796485673502715,146.926
2024-09-02 19:30:00,146.911,146.924,146.798,146.806,43.32555782175848,56.0666840735789,146.8585
2024-09-02 20:00:00,146.808,146.854,146.808,146.827,45.98307851361089,56.92687890300589,146.81650000000002
2024-09-02 20:30:00,146.829,146.887,146.816,146.883,52.860006004118965,59.219882483345465,146.85500000000002
2024-09-02 21:00:00,146.883,146.883,146.847,146.866,50.5794215575916,58.206862164615416,146.8745
2024-09-02 21:30:00,146.865,146.899,146.864,146.894,54.362913075233216,59.43760687610123,146.88
2024-09-02 22:00:00,146.892,146.893,146.85,146.872,50.798045649340565,57.99255130958042,146.883
2024-09-02 22:30:00,146.872,146.889,146.849,146.876,51.47305181953003,58.191576942171814,146.87400000000002
2024-09-02 23:00:00,146.876,146.905,146.839,146.884,52.978274441456385,58.61390683044995,146.88
2024-09-02 23:30:00,146.884,146.912,146.848,146.886,53.399865821321676,58.72615716103434,146.885
2024-09-03 00:00:00,146.883,146.899,146.852,146.865,48.11526562659821,56.97864855089402,146.8755
2024-09-03 00:30:00,146.865,146.892,146.858,146.885,53.2552553740373,58.25276989532516,146.875
2024-09-03 01:00:00,146.883,146.903,146.835,146.867,48.23763331509091,56.6272968731453,146.87599999999998
2024-09-03 01:30:00,146.867,146.953,146.857,146.938,63.892906191456376,61.22352937926131,146.90249999999997
2024-09-03 02:00:00,146.937,146.952,146.866,146.866,47.05542411615274,54.87309034758227,146.902
2024-09-03 02:30:00,146.866,146.876,146.703,146.738,30.425593512386286,45.78154009121558,146.80200000000002
2024-09-03 03:00:00,146.738,146.911,146.657,146.886,52.88631639912826,55.05419534052089,146.812
2024-09-03 03:30:00,146.886,147.197,146.867,147.115,70.23333781951321,65.02219364698051,147.0005
2024-09-03 04:00:00,147.115,147.135,146.933,146.975,55.62536184834358,56.73767021012457,147.04500000000002
2024-09-03 04:30:00,146.975,147.021,146.578,146.606,33.926684032567664,41.66831000083698,146.7905
2024-09-03 05:00:00,146.606,146.738,146.555,146.71,41.43821544226488,46.01990636833457,146.65800000000002
2024-09-03 05:30:00,146.71,146.755,146.612,146.629,37.55842534800431,43.309915979504375,146.6695
2024-09-03 06:00:00,146.628,146.722,146.511,146.575,35.008999329050766,41.55312871875519,146.60199999999998
2024-09-03 06:30:00,146.575,146.673,146.438,146.533,32.97777139200912,40.18771166156435,146.55399999999997
2024-09-03 07:00:00,146.533,146.563,146.383,146.421,27.935256898342246,36.7223725340824,146.47699999999998
2024-09-03 07:30:00,146.421,146.545,146.418,146.524,38.091681564787564,41.7010826437372,146.4725
2024-09-03 08:00:00,146.523,146.583,146.13,146.276,27.288370921322937,34.63496930652265,146.4
2024-09-03 08:30:00,146.277,146.354,146.173,146.3,29.544419601597156,35.769249913056456,146.288
2024-09-03 09:00:00,146.302,146.396,146.157,146.158,24.332919968496384,32.20801381296049,146.22899999999998
2024-09-03 09:30:00,146.158,146.229,145.981,146.009,20.011621673399077,28.950881957171987,146.0835
2024-09-03 10:00:00,146.009,146.217,145.924,146.208,37.34831828320014,37.97291220779772,146.1085
2024-09-03 10:30:00,146.208,146.235,145.879,145.937,27.781653580951456,32.01146114450522,146.0725
2024-09-03 11:00:00,145.938,146.005,145.641,145.718,22.37755013226095,28.163550412601097,145.8275
2024-09-03 11:30:00,145.718,145.864,145.599,145.799,28.388409606847162,31.44585440091393,145.7585
2024-09-03 12:00:00,145.798,145.92,145.78,145.822,30.17951723494984,32.39050055709892,145.8105
2024-09-03 12:30:00,145.822,145.972,145.792,145.926,38.31809364318167,36.64186201765071,145.874
2024-09-03 13:00:00,145.926,145.984,145.853,145.938,39.271013393406456,37.1330809288256,145.932
2024-09-03 13:30:00,145.939,146.053,145.933,146.021,46.00256675395422,40.56544403280885,145.97949999999997
2024-09-03 14:00:00,146.022,146.037,145.883,146.024,46.25378840660071,40.69148622104019,146.02249999999998
2024-09-03 14:30:00,146.023,146.227,146.019,146.163,57.05429296047471,46.366787858632556,146.0935
2024-09-03 15:00:00,146.163,146.276,146.019,146.182,58.38782124772542,47.111784484311194,146.1725
2024-09-03 15:30:00,146.183,146.205,145.866,145.872,36.697253498345844,37.86909777913147,146.027
2024-09-03 16:00:00,145.872,145.912,145.542,145.648,27.945521918037628,32.85351375272009,145.76
2024-09-03 16:30:00,145.648,145.745,145.271,145.418,21.73590552048509,28.656636494024866,145.53300000000002
2024-09-03 17:00:00,145.415,145.66,145.102,145.485,27.231206430143402,31.40557431980683,145.4515
2024-09-03 17:30:00,145.484,145.607,145.299,145.555,32.96814474337178,34.25578398463942,145.52
2024-09-03 18:00:00,145.556,145.837,145.556,145.787,48.628289336133314,42.74684627211953,145.671
2024-09-03 18:30:00,145.787,145.908,145.733,145.811,50.03703558490174,43.558942619936175,145.799
2024-09-03 19:00:00,145.812,145.913,145.699,145.756,46.61904871946259,42.08568507052336,145.7835
2024-09-03 19:30:00,145.755,145.852,145.734,145.755,46.55159630569865,42.05783218308601,145.75549999999998
2024-09-03 20:00:00,145.755,145.819,145.725,145.793,49.77339428009497,43.58572577104658,145.774
2024-09-03 20:30:00,145.794,145.894,145.793,145.888,57.28349961998183,47.32532390559552,145.84050000000002
2024-09-03 21:00:00,145.888,145.895,145.758,145.799,49.23684109244895,44.358678667033594,145.8435
2024-09-03 21:30:00,145.799,145.898,145.783,145.795,48.876838267886875,44.2244981067668,145.797
2024-09-03 22:00:00,145.796,145.823,145.651,145.661,38.013852545744335,39.87317521631338,145.728
2024-09-03 22:30:00,145.661,145.697,145.553,145.62,35.21965534169172,38.621054313840645,145.6405
2024-09-03 23:00:00,145.62,145.703,145.612,145.617,35.00003737632419,38.52572239891916,145.61849999999998
2024-09-03 23:30:00,145.616,145.631,145.439,145.464,25.528427658118545,33.92627898762521,145.5405
2024-09-04 00:00:00,145.459,145.499,145.448,145.448,24.712507901965452,33.476184517546116,145.45600000000002
2024-09-04 00:30:00,145.443,145.452,145.419,145.42,23.19869639571533,32.65960018331795,145.434
2024-09-04 01:00:00,145.418,145.549,145.354,145.365,20.34294583199069,31.05703948879426,145.39249999999998
2024-09-04 01:30:00,145.365,145.409,145.262,145.326,18.462755105835967,29.93534523542894,145.34550000000002
2024-09-04 02:00:00,145.325,145.387,145.089,145.167,12.82483283975165,25.838097905844123,145.2465
2024-09-04 02:30:00,145.166,145.363,145.081,145.356,38.75916829971695,36.89473093985206,145.2615
2024-09-04 03:00:00,145.356,145.541,145.258,145.324,36.60791151918745,35.91832378242694,145.34
2024-09-04 03:30:00,145.324,145.327,144.879,145.163,27.612106557575117,31.41381108450736,145.2435
2024-09-04 04:00:00,145.163,145.356,145.135,145.295,41.3886854761241,38.25123871755619,145.22899999999998
2024-09-04 04:30:00,145.293,145.524,145.248,145.395,49.82804233635923,42.895702858096726,145.345
2024-09-04 05:00:00,145.394,145.444,145.209,145.375,48.20837015153202,42.21185966408292,145.385
2024-09-04 05:30:00,145.375,145.493,145.355,145.435,53.4987403252502,45.04244394341646,145.405
2024-09-04 06:00:00,145.435,145.537,145.328,145.408,50.77577359392152,43.99804141892793,145.42149999999998
2024-09-04 06:30:00,145.407,145.5,145.26,145.302,41.17652278868823,40.069867918595065,145.355
2024-09-04 07:00:00,145.302,145.472,145.278,145.433,53.77618259054206,46.43475268727608,145.3675
2024-09-04 07:30:00,145.433,145.527,145.202,145.238,39.19607298333164,39.6792620511296,145.3355
2024-09-04 08:00:00,145.238,145.245,145.04,145.133,33.49168232895376,36.59222430328762,145.1855
2024-09-04 08:30:00,145.136,145.242,145.02,145.158,36.07589846501391,37.83238496986584,145.1455
2024-09-04 09:00:00,145.159,145.306,145.129,145.265,46.46306178670637,42.973318476371986,145.2115
2024-09-04 09:30:00,145.264,145.295,144.846,144.863,27.135963920370884,32.1997934525736,145.064
2024-09-04 10:00:00,144.864,145.034,144.754,144.794,25.049425358936503,30.773705072904576,144.82850000000002
2024-09-04 10:30:00,144.794,144.997,144.742,144.973,39.198979644243416,38.396080314053535,144.88350000000003
2024-09-04 11:00:00,144.973,145.178,144.906,145.162,50.67069478359468,45.25081081599166,145.0675
2024-09-04 11:30:00,145.161,145.218,145.063,145.196,52.549668228998726,46.406122106478065,145.179
2024-09-04 12:00:00,145.196,145.258,145.114,145.237,54.96310441407062,47.83562473844961,145.2165
2024-09-04 12:30:00,145.237,145.24,145.06,145.097,45.702709934601174,43.56280585912368,145.167
2024-09-04 13:00:00,145.097,145.103,144.925,145.066,43.796469053908936,42.654266280962446,145.0815
2024-09-04 13:30:00,145.066,145.178,145.029,145.058,43.253306005128756,42.40845971368084,145.062
2024-09-04 14:00:00,145.058,145.08,144.851,144.913,34.26682287139789,38.120485830103696,144.9855
2024-09-04 14:30:00,144.914,145.009,144.851,144.876,32.270820837596986,37.089924166008004,144.8945
2024-09-04 15:00:00,144.876,145.206,144.871,145.128,53.70027663758437,47.500089345618186,145.002
2024-09-04 15:30:00,145.128,145.181,145.001,145.063,49.03182372688335,45.41265968974961,145.0955
2024-09-04 16:00:00,145.062,145.137,144.853,144.862,37.32527317411272,39.615096103016896,144.96249999999998
2024-09-04 16:30:00,144.863,144.916,144.738,144.774,33.26819362927564,37.365958591527345,144.81799999999998
2024-09-04 17:00:00,144.772,144.776,144.03,144.206,18.29422351620923,26.792468358491377,144.49
2024-09-04 17:30:00,144.206,144.229,143.987,144.109,16.788676283861562,25.467119674087684,144.1575
2024-09-04 18:00:00,144.109,144.406,144.023,144.289,29.372233715680807,32.17229308186975,144.199
2024-09-04 18:30:00,144.289,144.331,144.21,144.296,29.853515296640253,32.42688596587544,144.2925
2024-09-04 19:00:00,144.297,144.359,144.143,144.16,25.859326114581265,30.06567074223048,144.228
2024-09-04 19:30:00,144.159,144.174,143.999,144.038,22.6831522134227,28.089689257613628,144.099
2024-09-04 20:00:00,144.037,144.072,143.988,144.055,24.19675099804647,28.791976339898085,144.0465
2024-09-04 20:30:00,144.054,144.064,143.934,144.062,24.902995617981432,29.099026631519777,144.0585
2024-09-04 21:00:00,144.062,144.093,143.97,144.064,25.13549512377888,29.192971613892837,144.063
2024-09-04 21:30:00,144.064,144.116,143.846,143.878,18.815193027444835,25.77278102536478,143.971
2024-09-04 22:00:00,143.878,143.934,143.783,143.895,20.935100390309643,26.61898753654343,143.8865
2024-09-04 22:30:00,143.895,143.92,143.794,143.812,18.22445540905568,25.11364027506272,143.8535
2024-09-04 23:00:00,143.812,143.862,143.747,143.761,16.67655567993762,24.207748473454913,143.7865
2024-09-04 23:30:00,143.761,143.766,143.698,143.709,15.146265512822126,23.28545478730605,143.735
2024-09-05 00:00:00,143.694,143.695,143.615,143.62,12.800759180308305,21.75755038701834,143.6645
2024-09-05 00:30:00,143.619,143.651,143.616,143.632,14.874380077169192,22.49598421796354,143.626
2024-09-05 01:00:00,143.633,143.643,143.5,143.632,14.874380077169192,22.49598421796354,143.632
2024-09-05 01:30:00,143.633,143.737,143.614,143.614,14.18564744945428,22.132603172761748,143.623
2024-09-05 02:00:00,143.614,143.674,143.419,143.482,10.160544578205815,19.628611092850434,143.548
2024-09-05 02:30:00,143.482,143.482,143.175,143.326,7.3033141766517105,17.158009545410437,143.404
2024-09-05 03:00:00,143.326,143.62,143.288,143.601,41.26950391215939,33.13529072528242,143.4635
2024-09-05 03:30:00,143.601,143.793,143.6,143.708,49.64520764587176,38.13487629620225,143.65449999999998
2024-09-05 04:00:00,143.708,143.767,143.417,143.563,40.51115900055824,34.38299057699466,143.63549999999998
2024-09-05 04:30:00,143.564,143.824,143.531,143.694,50.173762624745635,40.11531794315432,143.62849999999997
2024-09-05 05:00:00,143.694,143.761,143.596,143.721,52.046671601982695,41.25443096940523,143.70749999999998
2024-09-05 05:30:00,143.721,143.894,143.646,143.82,58.68929202738498,45.35863307793522,143.7705
2024-09-05 06:00:00,143.82,143.868,143.731,143.816,58.30855549607282,45.221164056282234,143.81799999999998
2024-09-05 06:30:00,143.815,143.82,143.665,143.752,52.0102801417708,42.9768475406308,143.784
2024-09-05 07:00:00,143.752,143.843,143.662,143.687,46.10889151953714,40.76406894718871,143.7195
2024-09-05 07:30:00,143.686,143.692,143.48,143.565,36.93258365153056,36.921562259213246,143.626
2024-09-05 08:00:00,143.564,143.587,143.31,143.386,27.548026617776102,32.135291796998345,143.4755
2024-09-05 08:30:00,143.387,143.528,143.346,143.388,27.78721601845625,32.24098471811929,143.387
2024-09-05 09:00:00,143.389,143.441,143.04,143.065,17.131140267962124,25.369245419989127,143.2265
2024-09-05 09:30:00,143.065,143.235,143.038,143.225,32.164995669656165,32.9884586538394,143.14499999999998
2024-09-05 10:00:00,143.225,143.566,143.214,143.528,51.57475874786257,44.53646845088363,143.3765
2024-09-05 10:30:00,143.528,143.725,143.505,143.6,55.13371876576082,46.879066544755055,143.564
2024-09-05 11:00:00,143.6,143.738,143.537,143.636,56.97812851281438,48.0603230103136,143.618
2024-09-05 11:30:00,143.637,143.704,143.516,143.566,52.117798836244596,45.921970793031356,143.601
2024-09-05 12:00:00,143.564,143.635,143.44,143.441,44.25343961285256,42.302421921676846,143.5035
2024-09-05 12:30:00,143.441,143.622,143.417,143.595,54.18922898028499,47.76492324566664,143.518
2024-09-05 13:00:00,143.595,143.634,143.498,143.5,48.028488768578704,44.938482149601974,143.5475
2024-09-05 13:30:00,143.499,143.55,143.456,143.481,46.78733659397308,44.372941594174044,143.4905
2024-09-05 14:00:00,143.481,143.524,143.404,143.49,47.536572307902084,44.727776131824626,143.4855
2024-09-05 14:30:00,143.49,143.561,143.422,143.44,43.56120180095763,43.083543058450125,143.465
2024-09-05 15:00:00,143.44,143.585,142.838,142.94,22.048985655513945,30.86464495711725,143.19
2024-09-05 15:30:00,142.94,143.274,142.85,143.091,33.601970950006404,36.70306010365543,143.0155
2024-09-05 16:00:00,143.091,143.236,143.028,143.172,39.23783550128082,39.64737136819201,143.13150000000002
2024-09-05 16:30:00,143.172,143.262,143.084,143.184,40.11636536253706,40.09196881442511,143.178
2024-09-05 17:00:00,143.187,143.85,143.187,143.776,67.3154077328487,56.94336817118946,143.48000000000002
2024-09-05 17:30:00,143.777,144.219,143.765,143.906,70.72224696559505,59.62888568837394,143.841
2024-09-05 18:00:00,143.906,144.016,143.65,143.67,57.93287809936984,53.14808199760075,143.788
2024-09-05 18:30:00,143.669,143.675,143.401,143.423,47.45433914045544,47.347889205560364,143.54649999999998
2024-09-05 19:00:00,143.423,143.532,143.361,143.437,48.075389400594716,47.696309092463686,143.43
2024-09-05 19:30:00,143.437,143.501,143.389,143.422,47.37546141991635,47.33488559229492,143.42950000000002
2024-09-05 20:00:00,143.422,143.441,143.184,143.215,38.37936325125559,42.54382247859599,143.3185
2024-09-05 20:30:00,143.215,143.405,143.202,143.339,45.598859088778,46.06552782122435,143.277
2024-09-05 21:00:00,143.338,143.338,143.192,143.276,42.637837890291,44.57077287490318,143.3075
2024-09-05 21:30:00,143.276,143.472,143.266,143.406,50.39283346425211,48.29882396790401,143.341
2024-09-05 22:00:00,143.406,143.421,143.302,143.389,49.37445153378742,47.84563884666611,143.3975
2024-09-05 22:30:00,143.389,143.496,143.357,143.449,53.26353187378515,49.641604326541305,143.419
2024-09-05 23:00:00,143.449,143.479,143.366,143.369,47.578025923656426,47.30267819911443,143.409
2024-09-05 23:30:00,143.37,143.444,143.368,143.423,51.64292479438383,49.0477858168666,143.39600000000002
2024-09-06 00:00:00,143.427,143.431,143.404,143.416,51.044327253692906,48.82208198640804,143.4195
2024-09-06 00:30:00,143.414,143.424,143.405,143.409,50.36326816670136,48.58132794385225,143.4125
2024-09-06 01:00:00,143.408,143.428,143.315,143.368,46.155130872712846,47.11579915417838,143.3885
2024-09-06 01:30:00,143.368,143.446,143.364,143.403,50.29166129063752,48.54285039967292,143.38549999999998
2024-09-06 02:00:00,143.402,143.451,143.34,143.388,48.43133822731703,47.94571703355347,143.3955
2024-09-06 02:30:00,143.388,143.471,143.336,143.377,46.94562254796958,47.48441721215905,143.3825
2024-09-06 03:00:00,143.377,143.41,143.162,143.307,38.23706981842936,44.547150167043,143.34199999999998
2024-09-06 03:30:00,143.307,143.382,143.142,143.166,26.628747001885714,39.27685667902291,143.23649999999998
2024-09-06 04:00:00,143.166,143.291,143.089,143.288,43.8396053901059,45.306304541039275,143.227
2024-09-06 04:30:00,143.288,143.354,143.214,143.265,41.68875446643911,44.411008581889185,143.2765
2024-09-06 05:00:00,143.265,143.293,143.182,143.23,38.34850353907073,43.01790896650931,143.2475
2024-09-06 05:30:00,143.231,143.302,143.161,143.189,34.56370266155723,41.38038901184754,143.2095
2024-09-06 06:00:00,143.189,143.215,143.116,143.12,28.953184463404313,38.70979371904299,143.15449999999998
2024-09-06 06:30:00,143.12,143.135,142.974,143.021,22.76701624013529,35.19966658079255,143.07049999999998
2024-09-06 07:00:00,143.021,143.022,142.879,142.94,18.910279829843702,32.59535904856526,142.9805
2024-09-06 07:30:00,142.94,143.019,142.894,142.983,26.610096478289265,35.33075154471277,142.9615
2024-09-06 08:00:00,142.983,142.995,142.517,142.535,12.352812813783714,24.276835375235805,142.75900000000001
2024-09-06 08:30:00,142.534,142.731,142.396,142.598,19.434680376422037,27.70241675865465,142.56650000000002
2024-09-06 09:00:00,142.597,142.641,142.317,142.351,14.190208261856199,23.259681927525335,142.4745
2024-09-06 09:30:00,142.351,142.443,142.243,142.38,17.24896980559015,24.78487093752412,142.3655
2024-09-06 10:00:00,142.381,142.402,142.045,142.237,14.313714099054366,22.41876354881481,142.30849999999998
2024-09-06 10:30:00,142.237,142.526,142.218,142.512,37.98898926082147,35.2253701687459,142.3745
2024-09-06 11:00:00,142.512,142.716,142.472,142.655,46.89124331780795,40.70652769377093,142.58350000000002
2024-09-06 11:30:00,142.656,142.714,142.504,142.602,44.15058878166661,39.376593946313605,142.6285
2024-09-06 12:00:00,142.603,142.779,142.583,142.767,53.930425661286286,45.361501698661094,142.6845
2024-09-06 12:30:00,142.767,142.88,142.695,142.79,55.2060507355042,46.159414580212186,142.7785
2024-09-06 13:00:00,142.791,142.947,142.784,142.896,61.010736312337414,49.79806155006578,142.843
2024-09-06 13:30:00,142.896,142.91,142.792,142.845,56.87376573892699,48.11327809208969,142.8705
2024-09-06 14:00:00,142.845,143.048,142.814,143.025,66.286725814647,54.025318499855075,142.935
2024-09-06 14:30:00,143.024,143.117,142.98,143.048,67.34911053589273,54.73503252368958,143.0365
2024-09-06 15:00:00,143.049,143.309,143.04,143.233,74.8008472869277,60.073910657241555,143.1405
2024-09-06 15:30:00,143.23,144.043,141.966,142.978,54.71858661268444,51.12317470269996,143.1055
2024-09-06 16:00:00,142.979,143.408,142.784,143.277,66.88184668099478,58.862849877212746,143.1275
2024-09-06 16:30:00,143.278,143.882,143.254,143.511,73.404564411797,63.706551013913305,143.394
2024-09-06 17:00:00,143.511,143.535,142.486,142.624,39.23284519210459,43.02585688954059,143.0675
2024-09-06 17:30:00,142.625,142.788,142.202,142.429,35.04812578291015,39.95507715252062,142.5265
2024-09-06 18:00:00,142.429,142.742,141.756,142.083,28.70907757482874,35.160013838526254,142.256
2024-09-06 18:30:00,142.085,142.469,141.948,142.131,30.73664229187476,36.302095969163716,142.107
2024-09-06 19:00:00,142.133,142.654,142.067,142.509,45.08569772063264,44.5805937611792,142.32
2024-09-06 19:30:00,142.509,142.608,142.323,142.434,43.022541619087235,43.3760285179317,142.4715
2024-09-06 20:00:00,142.434,142.681,142.285,142.286,38.92204732719921,41.020591310213256,142.36
2024-09-06 20:30:00,142.284,142.496,142.223,142.413,44.24231717477752,43.83887207017253,142.3495
2024-09-06 21:00:00,142.413,142.477,142.246,142.248,39.082245744854255,41.09159923391607,142.3305
2024-09-06 21:30:00,142.249,142.424,142.235,142.349,43.76606912903886,43.428613462651505,142.2985
2024-09-06 22:00:00,142.349,142.437,142.346,142.422,47.1899709891404,45.1231822874385,142.38549999999998
2024-09-06 22:30:00,142.422,142.468,142.387,142.409,46.60047548790644,44.86544364818674,142.4155
2024-09-06 23:00:00,142.409,142.425,142.304,142.319,42.32956439577742,43.03285977790329,142.36399999999998
2024-09-06 23:30:00,142.319,142.351,142.237,142.28,40.45511999247258,42.22792913987077,142.2995
2024-09-09 00:00:00,142.312,142.356,142.194,142.194,36.31771602408702,40.431949299626915,142.237
2024-09-09 00:30:00,142.195,142.2,142.111,142.146,34.050134839014504,39.424110562264985,142.17
2024-09-09 01:00:00,142.156,142.294,141.943,142.175,36.830214673300674,40.390874761513516,142.1605
2024-09-09 01:30:00,142.175,142.267,142.054,142.133,34.38135222686604,39.40989066731949,142.154
2024-09-09 02:00:00,142.131,142.411,142.078,142.325,51.55924164156199,45.88081839055133,142.22899999999998
2024-09-09 02:30:00,142.324,142.519,142.273,142.479,61.09075060632928,50.45167855092488,142.402
2024-09-09 03:00:00,142.478,142.703,142.408,142.697,70.63369833963108,56.1035995120403,142.58800000000002
2024-09-09 03:30:00,142.695,142.731,142.528,142.688,69.80903979678578,55.82050490699854,142.6925
2024-09-09 04:00:00,142.687,142.789,142.603,142.701,70.39157891900075,56.16457868693285,142.6945
2024-09-09 04:30:00,142.701,142.971,142.657,142.947,79.23640453458779,62.168808280647895,142.824
2024-09-09 05:00:00,142.948,142.978,142.77,142.774,63.638918587370384,56.32581643053989,142.8605
2024-09-09 05:30:00,142.774,142.829,142.691,142.81,65.29734327445661,57.22671607129191,142.792
2024-09-09 06:00:00,142.811,142.949,142.761,142.772,61.82478560115051,55.91557272497124,142.791
2024-09-09 06:30:00,142.772,142.804,142.629,142.749,59.58710910270005,55.09280889965242,142.76049999999998
2024-09-09 07:00:00,142.749,142.883,142.73,142.79,62.41614716710735,56.32648530587352,142.7695
2024-09-09 07:30:00,142.788,143.084,142.731,142.963,72.04851064124722,61.17336312005957,142.8765
2024-09-09 08:00:00,142.963,143.059,142.874,142.902,65.176939481922,58.699658076382335,142.9325
2024-09-09 08:30:00,142.902,142.959,142.763,142.903,65.24034447493705,58.72912156163019,142.90249999999997
2024-09-09 09:00:00,142.9,142.989,142.784,142.936,67.51737263194488,59.749589601006164,142.9195
2024-09-09 09:30:00,142.935,143.047,142.786,142.992,71.24647957982489,61.48975583429961,142.964
2024-09-09 10:00:00,142.994,143.348,142.994,143.211,81.13025094801213,67.4216140231118,143.1015
2024-09-09 10:30:00,143.211,143.282,143.05,143.147,72.6195054873366,64.30433770731244,143.179
2024-09-09 11:00:00,143.148,143.291,143.084,143.29,78.4990670332474,67.87804420562233,143.2185
2024-09-09 11:30:00,143.291,143.424,143.284,143.369,81.11305303492414,69.6837800701546,143.3295
2024-09-09 12:00:00,143.369,143.479,143.254,143.464,83.86509833798573,71.7410419807673,143.41649999999998
2024-09-09 12:30:00,143.463,143.564,143.392,143.476,84.20428406080313,71.99951924508542,143.47
2024-09-09 13:00:00,143.477,143.693,143.462,143.686,88.94783400799145,76.11656525460147,143.58100000000002
2024-09-09 13:30:00,143.687,143.768,143.649,143.658,84.97814106267548,74.54276663584008,143.672
2024-09-09 14:00:00,143.658,143.782,143.586,143.778,87.71868316486957,76.76047820711202,143.718
2024-09-09 14:30:00,143.779,143.784,143.528,143.599,66.58010215237316,67.33713589994713,143.68849999999998
2024-09-09 15:00:00,143.598,143.686,143.293,143.293,44.96781604807825,54.92397615217281,143.446
2024-09-09 15:30:00,143.294,143.304,143.086,143.221,41.28868574318128,52.47289072662435,143.257
2024-09-09 16:00:00,143.221,143.222,142.853,142.885,28.56463031492376,42.86025124520344,143.053
2024-09-09 16:30:00,142.885,143.151,142.715,142.781,25.704152203248356,40.39364699474623,142.833
2024-09-09 17:00:00,142.781,142.983,142.704,142.714,23.904926345122945,38.84275712549463,142.7475
2024-09-09 17:30:00,142.714,142.867,142.642,142.727,25.091860829803025,39.32949899688891,142.72050000000002
2024-09-09 18:00:00,142.726,142.944,142.703,142.936,42.0468336748702,46.67719847581259,142.8315
2024-09-09 18:30:00,142.94,143.0,142.853,142.915,40.96003717697114,46.07341407151921,142.9255
2024-09-09 19:00:00,142.915,142.925,142.816,142.867,38.318867339245664,44.65166995146829,142.891
2024-09-09 19:30:00,142.869,142.941,142.832,142.871,38.703140238096495,44.80452435805018,142.869
2024-09-09 20:00:00,142.87,142.905,142.703,142.815,35.12857838412023,43.01354176639296,142.84300000000002
2024-09-09 20:30:00,142.816,142.862,142.728,142.805,34.465417473996226,42.68541200156463,142.81
2024-09-09 21:00:00,142.805,142.848,142.751,142.817,36.15285560186239,43.24492611509218,142.811
2024-09-09 21:30:00,142.817,142.884,142.79,142.798,34.511364272936675,42.536868778997565,142.8075
2024-09-09 22:00:00,142.798,142.872,142.768,142.868,45.205056869318746,46.04210574045266,142.833
2024-09-09 22:30:00,142.868,142.951,142.855,142.945,54.69832029876215,49.67840690707483,142.9065
2024-09-09 23:00:00,142.941,143.139,142.937,143.105,68.09744795471784,56.27274234577355,143.02499999999998
2024-09-09 23:30:00,143.105,143.157,143.088,143.137,70.15703865104908,57.47305804592148,143.12099999999998
2024-09-10 00:00:00,143.141,143.143,143.122,143.133,69.50268298403554,57.26146548240175,143.135
2024-09-10 00:30:00,143.133,143.142,143.129,143.13,68.94005375593207,57.091697807960685,143.13150000000002
2024-09-10 01:00:00,143.13,143.134,142.879,142.882,38.71460458545245,45.169573619950306,143.006
2024-09-10 01:30:00,142.881,143.046,142.84,143.031,53.12114035003083,51.696100699256,142.9565
2024-09-10 02:00:00,143.032,143.24,143.032,143.24,66.14483729507202,59.05777591446238,143.1355
2024-09-10 02:30:00,143.24,143.287,143.141,143.172,59.83495013535772,56.06395705206549,143.20600000000002
2024-09-10 03:00:00,143.172,143.354,143.107,143.281,65.91554857535138,59.59936019865581,143.2265
2024-09-10 03:30:00,143.28,143.473,143.209,143.458,73.51240744773071,64.583146689322,143.36950000000002
2024-09-10 04:00:00,143.459,143.504,143.342,143.467,73.85805358102414,64.82078217375438,143.4625
2024-09-10 04:30:00,143.466,143.535,143.396,143.412,67.57140565903075,62.07949606791972,143.4395
2024-09-10 05:00:00,143.409,143.409,143.18,143.235,51.20677888718802,54.14381491026596,143.32350000000002
2024-09-10 05:30:00,143.234,143.421,143.194,143.393,61.0345215271734,59.162229689364,143.31400000000002
2024-09-10 06:00:00,143.392,143.419,143.244,143.32,55.057021812240656,56.10705156704394,143.35649999999998
2024-09-10 06:30:00,143.321,143.35,143.165,143.225,47.93013006697351,52.320455763399494,143.27249999999998
2024-09-10 07:00:00,143.225,143.269,143.168,143.169,44.012075275633435,50.170976967276275,143.197
2024-09-10 07:30:00,143.169,143.19,143.04,143.071,37.71721178907832,46.56560845879381,143.12
2024-09-10 08:00:00,143.069,143.175,143.052,143.111,41.688653942801395,48.20178622086666,143.091
2024-09-10 08:30:00,143.112,143.173,143.022,143.146,45.25234894508451,49.65444458829784,143.12849999999997
2024-09-10 09:00:00,143.147,143.273,143.081,143.242,54.207825591932796,53.505978208630424,143.194
2024-09-10 09:30:00,143.242,143.443,143.226,143.388,64.50868975526333,58.68286917629194,143.315
2024-09-10 10:00:00,143.39,143.536,143.328,143.408,65.74034540581414,59.35057949131154,143.398
2024-09-10 10:30:00,143.414,143.603,143.39,143.593,75.07488596830211,64.98711495863344,143.5005
2024-09-10 11:00:00,143.593,143.697,143.506,143.65,77.29829031122812,66.52717639076259,143.6215
2024-09-10 11:30:00,143.651,143.657,143.429,143.5,60.67988827694535,59.153385171417064,143.575
2024-09-10 12:00:00,143.502,143.508,143.253,143.266,43.61434508124386,49.86758444822063,143.38299999999998
2024-09-10 12:30:00,143.266,143.297,143.142,143.15,37.51275259996412,46.01161119542925,143.208
2024-09-10 13:00:00,143.15,143.173,143.001,143.136,36.7880866105658,45.5537910112081,143.143
2024-09-10 13:30:00,143.137,143.203,142.941,143.03,31.42559026462571,42.13528794613354,143.083
2024-09-10 14:00:00,143.029,143.178,143.028,143.153,42.72750328800342,47.096416374818325,143.0915
2024-09-10 14:30:00,143.153,143.165,142.984,143.114,40.272219302853216,45.7568418072311,143.1335
2024-09-10 15:00:00,143.114,143.18,142.891,142.949,31.373566966240986,40.50735404417453,143.0315
2024-09-10 15:30:00,142.948,142.951,142.744,142.855,27.35600930838693,37.843669904506015,142.902
2024-09-10 16:00:00,142.855,143.09,142.817,143.068,45.728517348723464,46.438512232952284,142.9615
2024-09-10 16:30:00,143.069,143.102,142.92,142.994,41.476724386670824,44.154170472317034,143.031
2024-09-10 17:00:00,142.994,143.036,142.521,142.684,28.517619149168254,36.135059654378196,142.839
2024-09-10 17:30:00,142.685,142.734,142.55,142.706,30.320161502603113,37.009390829370574,142.695
2024-09-10 18:00:00,142.706,142.718,142.543,142.571,25.683561847536367,33.93890530621768,142.6385
2024-09-10 18:30:00,142.572,142.651,142.248,142.277,18.496897879722113,28.410794478951985,142.42399999999998
2024-09-10 19:00:00,142.276,142.395,142.181,142.313,21.629648612895664,29.91614197986057,142.295
2024-09-10 19:30:00,142.312,142.464,142.309,142.451,33.12537540428123,35.5139294564685,142.382
2024-09-10 20:00:00,142.449,142.558,142.379,142.379,30.41016427199662,33.98857943693865,142.415
2024-09-10 20:30:00,142.379,142.394,142.314,142.382,30.686347391141183,34.11555703405797,142.38049999999998
2024-09-10 21:00:00,142.382,142.451,142.213,142.276,26.37190886608505,31.7887979137368,142.329
2024-09-10 21:30:00,142.276,142.382,142.264,142.336,32.62730981682763,34.51146355888807,142.306
2024-09-10 22:00:00,142.336,142.382,142.306,142.326,32.097069756777955,34.26597282323192,142.33100000000002
2024-09-10 22:30:00,142.327,142.373,142.281,142.298,30.479001544794485,33.54642333594852,142.312
2024-09-10 23:00:00,142.299,142.363,142.29,142.338,35.867392371996516,35.626091871497636,142.31799999999998
2024-09-10 23:30:00,142.339,142.481,142.338,142.44,47.8844328891532,40.72062337850868,142.389
2024-09-11 00:00:00,142.423,142.43,142.359,142.373,41.87183643773732,38.561828826477765,142.4065
2024-09-11 00:30:00,142.373,142.411,142.373,142.41,46.222375137221675,40.4396982460377,142.3915
2024-09-11 01:00:00,142.411,142.438,142.327,142.41,46.222375137221675,40.4396982460377,142.41
2024-09-11 01:30:00,142.41,142.463,142.374,142.438,50.07144107916397,41.99571009070307,142.42399999999998
2024-09-11 02:00:00,142.436,142.459,142.218,142.278,33.89713977128099,36.17921018242011,142.358
2024-09-11 02:30:00,142.279,142.351,142.201,142.224,30.07222652408656,34.44522917706131,142.25099999999998
2024-09-11 03:00:00,142.223,142.242,142.011,142.06,21.483052487927935,29.777475760847167,142.142
2024-09-11 03:30:00,142.058,142.279,142.045,142.273,45.19962379372557,40.96662093187762,142.16649999999998
2024-09-11 04:00:00,142.274,142.416,142.213,142.252,43.68195486499352,40.28508442402395,142.2625
2024-09-11 04:30:00,142.252,142.252,141.49,141.818,24.13928614576166,29.399458047116468,142.03500000000003
2024-09-11 05:00:00,141.818,141.843,141.602,141.643,19.942183255318113,26.312032169056877,141.7305
2024-09-11 05:30:00,141.645,141.891,141.551,141.824,33.82576279526323,34.0288218672104,141.7335
2024-09-11 06:00:00,141.823,141.951,141.512,141.58,26.57702859426327,29.538078292181098,141.702
2024-09-11 06:30:00,141.58,141.624,141.243,141.386,22.170058457073267,26.539219123532718,141.483
2024-09-11 07:00:00,141.387,141.389,140.882,141.189,18.529915717741943,23.887136199786283,141.2875
2024-09-11 07:30:00,141.188,141.194,140.908,141.079,16.739450004791593,22.53309773498961,141.13400000000001
2024-09-11 08:00:00,141.078,141.087,140.698,140.788,12.89413535075441,19.400126143386757,140.9335
2024-09-11 08:30:00,140.786,141.283,140.784,141.274,39.82699503324368,35.523768788557405,141.031
2024-09-11 09:00:00,141.275,141.387,141.136,141.361,43.476973112643016,37.917979193087554,141.3175
2024-09-11 09:30:00,141.36,141.441,141.314,141.364,43.61456862038747,38.00346947344041,141.3625
2024-09-11 10:00:00,141.364,141.523,141.251,141.39,44.96908560853457,38.790168936494744,141.377
2024-09-11 10:30:00,141.391,141.533,141.158,141.377,44.34763755467382,38.526923719851695,141.3835
2024-09-11 11:00:00,141.378,141.686,141.321,141.662,58.881383555364806,47.01615692821961,141.5195
2024-09-11 11:30:00,141.662,141.677,141.439,141.522,51.21606613017458,43.81522510871447,141.59199999999998
2024-09-11 12:00:00,141.524,141.529,141.28,141.359,43.52032235654827,40.36916158913473,141.4405
2024-09-11 12:30:00,141.359,141.567,141.284,141.559,53.51836451179147,45.98295150657608,141.459
2024-09-11 13:00:00,141.561,141.683,141.526,141.546,52.80944890747449,45.68190920414692,141.5525
2024-09-11 13:30:00,141.547,141.633,141.478,141.567,53.958821576129964,46.29357967552296,141.5565
2024-09-11 14:00:00,141.57,141.778,141.495,141.686,60.344204407339134,49.7469845335537,141.62650000000002
2024-09-11 14:30:00,141.686,141.814,141.636,141.679,59.77527295251527,49.545167252943216,141.6825
2024-09-11 15:00:00,141.679,141.853,141.679,141.759,64.26717675913761,51.944609653320455,141.719
2024-09-11 15:30:00,141.761,142.538,141.76,142.282,80.70288080622589,63.998443919549395,142.0205
2024-09-11 16:00:00,142.283,142.484,142.078,142.318,81.3902790892248,64.65563072865392,142.3
2024-09-11 16:30:00,142.318,142.356,141.77,141.806,51.154810939425424,50.52844532568157,142.062
2024-09-11 17:00:00,141.804,141.94,141.282,141.433,38.87911353884597,43.13418926569031,141.61950000000002
2024-09-11 17:30:00,141.433,141.53,141.234,141.414,38.332452831204826,42.79068099298227,141.4235
2024-09-11 18:00:00,141.414,141.627,141.37,141.421,38.70290541106832,42.97087543378711,141.4175
2024-09-11 18:30:00,141.421,141.81,141.404,141.715,52.642764191167736,50.082393779762874,141.56799999999998
2024-09-11 19:00:00,141.715,142.017,141.714,141.916,59.913978653063005,54.28003157871754,141.8155
2024-09-11 19:30:00,141.919,142.024,141.84,141.937,60.650407638357365,54.70855572832686,141.9265
2024-09-11 20:00:00,141.938,142.277,141.886,142.241,69.96832008267052,60.48279263396267,142.089
2024-09-11 20:30:00,142.243,142.313,142.174,142.193,67.043820358544,59.199433180848764,142.217
2024-09-11 21:00:00,142.193,142.236,142.084,142.208,67.5384904591024,59.4887190097872,142.2005
2024-09-11 21:30:00,142.209,142.241,142.177,142.19,66.1484529273161,58.948586536062294,142.199
2024-09-11 22:00:00,142.189,142.312,142.182,142.223,67.57580970321789,59.67152869132363,142.2065
2024-09-11 22:30:00,142.222,142.404,142.208,142.364,73.20729060442751,62.69452659518968,142.2935
2024-09-11 23:00:00,142.364,142.449,142.355,142.379,73.77265281609544,63.01217139682863,142.3715
2024-09-11 23:30:00,142.379,142.423,142.345,142.347,70.0915228704915,61.80317942463779,142.363
2024-09-12 00:00:00,142.324,142.324,142.293,142.304,65.00633832413848,60.13355416888169,142.3255
2024-09-12 00:30:00,142.303,142.306,142.274,142.275,61.495881883948606,58.97637530966894,142.2895
2024-09-12 01:00:00,142.28,142.319,142.217,142.3,63.47939314533849,59.69641101488732,142.28750000000002
2024-09-12 01:30:00,142.302,142.462,142.302,142.447,73.0154168003565,63.727810062591374,142.3735
2024-09-12 02:00:00,142.446,142.636,142.432,142.613,79.92228492514167,67.66155855512386,142.53
2024-09-12 02:30:00,142.612,142.666,142.511,142.628,80.44981388523863,67.9992813682839,142.6205
2024-09-12 03:00:00,142.628,142.935,142.598,142.85,86.55115699669898,72.56575292934232,142.73899999999998
2024-09-12 03:30:00,142.85,142.94,142.655,142.673,67.07850826358724,64.64508977515463,142.7615
2024-09-12 04:00:00,142.674,142.696,142.247,142.556,57.16082906899913,59.9842482394165,142.61450000000002
2024-09-12 04:30:00,142.556,142.656,142.463,142.532,55.207406611410896,59.04384633640211,142.544
2024-09-12 05:00:00,142.53,142.622,142.43,142.541,55.86724376501847,59.30152022834906,142.5365
2024-09-12 05:30:00,142.54,142.549,142.336,142.518,53.5167847248454,58.29219375791698,142.52949999999998
2024-09-12 06:00:00,142.519,142.537,142.341,142.444,46.21790262820869,55.045959549467455,142.481
2024-09-12 06:30:00,142.446,142.599,142.405,142.582,58.524808769341575,59.5679277210649,142.51299999999998
2024-09-12 07:00:00,142.581,142.72,142.568,142.706,66.54912483810276,63.154431652583085,142.644
2024-09-12 07:30:00,142.706,142.833,142.701,142.776,70.32975277439657,65.03973428259854,142.74099999999999
2024-09-12 08:00:00,142.776,142.814,142.674,142.767,69.15732552570677,64.58218518640014,142.7715
2024-09-12 08:30:00,142.768,142.903,142.604,142.826,72.64502764123945,66.2579923723332,142.79649999999998
2024-09-12 09:00:00,142.824,142.828,142.541,142.625,50.119144052483506,56.457408416595214,142.7255
2024-09-12 09:30:00,142.626,142.677,142.456,142.567,45.381785593591104,53.9763673481371,142.596
2024-09-12 10:00:00,142.568,143.033,142.542,142.964,68.87527198013997,65.23728727844446,142.7655
2024-09-12 10:30:00,142.962,142.983,142.689,142.754,54.4274196276043,57.25673371681559,142.85899999999998
2024-09-12 11:00:00,142.755,142.755,142.565,142.572,44.90343988869285,51.389319287161825,142.663
2024-09-12 11:30:00,142.571,142.626,142.523,142.572,44.90343988869285,51.389319287161825,142.572
2024-09-12 12:00:00,142.572,142.681,142.508,142.676,51.50375086967728,54.480663972568244,142.624
2024-09-12 12:30:00,142.677,142.7,142.552,142.666,50.82079162318934,54.12424654065539,142.671
2024-09-12 13:00:00,142.665,142.766,142.632,142.759,57.0064879070323,56.94525993595409,142.71249999999998
2024-09-12 13:30:00,142.758,142.759,142.578,142.609,46.096381342751855,51.44986199947005,142.684
2024-09-12 14:00:00,142.611,142.632,142.405,142.494,39.35885423834372,47.65301404410867,142.5515
2024-09-12 14:30:00,142.494,142.565,142.357,142.556,44.464439032509155,49.803758084409736,142.525
2024-09-12 15:00:00,142.553,142.578,142.264,142.317,32.252299041960285,42.546796727081805,142.43650000000002
2024-09-12 15:30:00,142.319,142.612,141.949,142.088,24.67625384778195,36.98582963336645,142.2025
2024-09-12 16:00:00,142.088,142.378,141.898,142.246,36.6538692972528,42.56379111672431,142.167
2024-09-12 16:30:00,142.246,142.424,141.917,142.0,28.43933860857568,37.06283006362322,142.123
2024-09-12 17:00:00,142.001,142.419,141.995,142.362,48.32247489179324,47.76185419337713,142.18099999999998
2024-09-12 17:30:00,142.362,142.654,142.274,142.474,53.032904211958126,50.562069192467774,142.418
2024-09-12 18:00:00,142.474,142.549,142.347,142.348,47.3662454810906,47.478605861086784,142.411
2024-09-12 18:30:00,142.347,142.401,142.184,142.232,42.48982825195665,44.7716029627168,142.29000000000002
2024-09-12 19:00:00,142.229,142.555,142.204,142.54,56.39576098007497,52.51336118335409,142.386
2024-09-12 19:30:00,142.54,142.646,142.472,142.508,54.7899212909523,51.70245194088114,142.524
2024-09-12 20:00:00,142.507,142.556,142.327,142.462,52.29273069753499,50.49534346073075,142.485
2024-09-12 20:30:00,142.464,142.481,142.232,142.264,42.55321175570497,45.56416603361793,142.363
2024-09-12 21:00:00,142.265,142.359,142.024,142.069,35.05208858391454,41.287797556035784,142.16649999999998
2024-09-12 21:30:00,142.07,142.145,141.902,142.015,33.16340582499541,40.163636456120855,142.04199999999997
2024-09-12 22:00:00,142.016,142.082,141.925,141.954,30.96456891606283,38.875954356401216,141.9845
2024-09-12 22:30:00,141.955,141.958,141.742,141.871,28.01585388558972,37.131532782607955,141.91250000000002
2024-09-12 23:00:00,141.868,141.916,141.714,141.742,23.890579362523056,34.53759930933373,141.8065
2024-09-12 23:30:00,141.742,141.843,141.737,141.801,29.434896507546327,36.71512296471824,141.7715
2024-09-13 00:00:00,141.805,141.825,141.801,141.818,31.121591106945857,37.361659085068034,141.8095
2024-09-13 00:30:00,141.817,141.826,141.808,141.822,31.5705919066845,37.52339483571154,141.82
2024-09-13 01:00:00,141.824,141.869,141.688,141.773,28.880021286287004,36.28732912713305,141.7975
2024-09-13 01:30:00,141.772,141.838,141.727,141.834,36.71347795103212,38.98206010050579,141.80349999999999
2024-09-13 02:00:00,141.833,141.833,141.535,141.564,23.402600892171506,32.44157267830114,141.699
2024-09-13 02:30:00,141.564,141.665,141.418,141.501,21.300319541613064,31.129149035348092,141.5325
2024-09-13 03:00:00,141.501,141.549,141.164,141.274,15.461642668703732,26.905538825541512,141.3875
2024-09-13 03:30:00,141.275,141.495,141.153,141.186,13.75622346478795,25.463188157963046,141.23000000000002
2024-09-13 04:00:00,141.187,141.26,140.99,141.223,18.182973991253874,27.22958290857062,141.2045
2024-09-13 04:30:00,141.222,141.286,141.075,141.216,17.97928256669418,27.09874094134841,141.2195
2024-09-13 05:00:00,141.217,141.28,140.822,140.879,11.035672911815723,21.694125790446776,141.0475
2024-09-13 05:30:00,140.872,141.034,140.767,141.027,25.731561122747536,28.443751959119382,140.95299999999997
2024-09-13 06:00:00,141.028,141.123,140.888,140.914,22.43097141428119,26.56125056010697,140.9705
2024-09-13 06:30:00,140.914,141.02,140.807,140.969,27.697333953354274,29.023499377997837,140.9415
2024-09-13 07:00:00,140.971,140.978,140.799,140.85,23.64509915887477,26.920411975893998,140.90949999999998
2024-09-13 07:30:00,140.849,141.012,140.635,140.948,33.055297052461654,31.333248579344442,140.899
2024-09-13 08:00:00,140.948,141.168,140.947,141.006,38.305287256637854,33.87805063203314,140.977
2024-09-13 08:30:00,141.006,141.023,140.734,140.852,30.818530574294996,30.63196635088984,140.929
2024-09-13 09:00:00,140.854,141.064,140.821,140.935,38.390158247402255,34.28654836985905,140.89350000000002
2024-09-13 09:30:00,140.936,141.164,140.936,141.08,49.62678250202496,40.21256473021688,141.0075
2024-09-13 10:00:00,141.08,141.404,141.036,141.243,59.35004889771303,46.09725652844824,141.1615
2024-09-13 10:30:00,141.244,141.257,140.812,140.904,40.41952651731307,37.770697257300284,141.0735
2024-09-13 11:00:00,140.903,140.961,140.399,140.865,38.76017299186734,36.94393015876089,140.8845
2024-09-13 11:30:00,140.865,140.865,140.616,140.692,31.968222964391472,33.44652923617312,140.7785
2024-09-13 12:00:00,140.69,140.725,140.436,140.522,26.620441649670298,30.400904873950893,140.607
2024-09-13 12:30:00,140.522,140.608,140.351,140.563,29.91909421436125,32.008944267228145,140.5425
2024-09-13 13:00:00,140.564,140.663,140.489,140.554,29.578573024435954,31.835067243345208,140.55849999999998
2024-09-13 13:30:00,140.554,140.708,140.356,140.688,41.20274062243274,37.29653484666955,140.62099999999998
2024-09-13 14:00:00,140.687,140.782,140.59,140.771,47.46879924402125,40.47769872398431,140.72949999999997
2024-09-13 14:30:00,140.771,140.967,140.761,140.826,51.46735126903307,42.55738572821189,140.7985
2024-09-13 15:00:00,140.824,141.01,140.757,140.787,48.41843909260176,41.45141352943787,140.8065
2024-09-13 15:30:00,140.789,140.895,140.691,140.719,43.211274903566405,39.52279681136473,140.753
2024-09-13 16:00:00,140.719,140.72,140.339,140.455,29.05709997562316,33.086487039262224,140.587
2024-09-13 16:30:00,140.454,140.681,140.272,140.336,24.7873084242825,30.6625297206526,140.39550000000003
2024-09-13 17:00:00,140.335,140.69,140.267,140.576,44.11105679365009,40.18091045411378,140.45600000000002
2024-09-13 17:30:00,140.577,140.763,140.483,140.63,47.642166558075665,42.10662173295256,140.603
2024-09-13 18:00:00,140.631,140.665,140.33,140.413,36.75500688911375,36.95779700220343,140.5215
2024-09-13 18:30:00,140.413,140.666,140.375,140.654,51.203328150810975,45.00141145560359,140.5335
2024-09-13 19:00:00,140.654,140.779,140.58,140.767,56.62395355265286,48.33031897034849,140.7105
2024-09-13 19:30:00,140.766,140.933,140.729,140.803,58.343876127181225,49.38147790724942,140.785
2024-09-13 20:00:00,140.803,140.927,140.762,140.858,61.09358742297715,51.02089085332248,140.8305
2024-09-13 20:30:00,140.858,140.954,140.827,140.901,63.30306975785017,52.32104858916671,140.8795
2024-09-13 21:00:00,140.901,140.912,140.828,140.848,58.52385572516847,50.54025062208527,140.8745
2024-09-13 21:30:00,140.847,140.998,140.838,140.922,63.06599785239452,52.94824027271847,140.885
2024-09-13 22:00:00,140.922,140.957,140.892,140.919,62.74102262175168,52.83593340697468,140.9205
2024-09-13 22:30:00,140.919,140.931,140.875,140.921,62.88975459705025,52.907646523349484,140.92000000000002
2024-09-13 23:00:00,140.919,140.929,140.878,140.898,59.69277535576456,51.92976501685252,140.90949999999998
2024-09-13 23:30:00,140.897,140.929,140.806,140.843,52.278560308743835,49.57032421283422,140.8705
2024-09-16 01:30:00,140.669,140.693,140.667,140.685,36.9126119019925,43.461267003750976,140.764
2024-09-16 02:00:00,140.678,140.891,140.678,140.865,54.63490116183988,50.887143598011164,140.775
2024-09-16 02:30:00,140.864,140.865,140.709,140.838,52.074879749700024,49.82991775981568,140.8515
2024-09-16 03:00:00,140.839,140.843,140.477,140.486,30.405360336778102,38.57726912130818,140.66199999999998
2024-09-16 03:30:00,140.485,140.609,140.413,140.516,33.17048486685748,39.824502013311054,140.50099999999998
2024-09-16 04:00:00,140.516,140.577,140.445,140.503,32.51732041265238,39.4506673491962,140.5095
2024-09-16 04:30:00,140.504,140.574,140.437,140.534,36.022139198716644,40.875935313814274,140.5185
2024-09-16 05:00:00,140.534,140.554,140.464,140.506,34.15298535591646,39.96097087540079,140.51999999999998
2024-09-16 05:30:00,140.506,140.534,140.488,140.528,37.14278523662296,41.07698780995781,140.517
2024-09-16 06:00:00,140.527,140.533,140.164,140.244,22.058505779489252,32.641849244901934,140.386
2024-09-16 06:30:00,140.245,140.245,140.036,140.114,18.12708241989594,29.641301155614812,140.179
2024-09-16 07:00:00,140.115,140.191,139.94,140.161,23.85156209036525,32.072446907539245,140.1375
2024-09-16 07:30:00,140.162,140.292,140.123,140.205,29.254109378366167,34.35913532647024,140.183
2024-09-16 08:00:00,140.204,140.28,140.079,140.152,26.601831077220936,32.92150070762652,140.17849999999999
2024-09-16 08:30:00,140.151,140.211,140.057,140.186,31.26579278721188,34.806023939808355,140.16899999999998
2024-09-16 09:00:00,140.184,140.223,140.016,140.144,28.642770742405688,33.5520395236241,140.16500000000002
2024-09-16 09:30:00,140.145,140.164,139.712,139.842,16.81130796885526,26.233343536496264,139.993
2024-09-16 10:00:00,139.846,139.925,139.632,139.714,13.959920830337992,23.857949769680275,139.77800000000002
2024-09-16 10:30:00,139.713,139.922,139.569,139.866,30.33091936664414,31.759991843268878,139.79000000000002
2024-09-16 11:00:00,139.866,139.936,139.724,139.776,26.807413544106808,29.788704249850454,139.82100000000003
2024-09-16 11:30:00,139.775,139.925,139.748,139.842,33.42429575745098,33.069504259999235,139.80900000000003
2024-09-16 12:00:00,139.842,139.987,139.819,139.935,42.03844065907473,37.5011829315853,139.88850000000002
2024-09-16 12:30:00,139.935,140.266,139.925,140.197,59.33283714008794,47.95602962378495,140.066
2024-09-16 13:00:00,140.196,140.222,140.084,140.089,51.887305364295834,44.64100341168403,140.143
2024-09-16 13:30:00,140.089,140.181,140.012,140.116,53.58607956794729,45.652462474461416,140.10250000000002
2024-09-16 14:00:00,140.115,140.158,139.974,140.08,50.7961557235768,44.485381891767986,140.098
2024-09-16 14:30:00,140.079,140.09,139.869,139.876,37.78904723424496,38.4818726509779,139.978
2024-09-16 15:00:00,139.876,139.932,139.743,139.821,34.972266704526405,37.030867507500346,139.8485
2024-09-16 15:30:00,139.821,140.436,139.794,140.228,60.43399140766263,51.580433890909255,140.0245
2024-09-16 16:00:00,140.227,140.465,140.202,140.379,66.16786297638143,55.67267389339879,140.30349999999999
2024-09-16 16:30:00,140.379,140.472,140.277,140.447,68.56154096387797,57.41802440826212,140.413
2024-09-16 17:00:00,140.448,140.701,140.447,140.517,71.02369498218786,59.1989912544733,140.482
2024-09-16 17:30:00,140.517,140.517,140.313,140.437,64.3084656345298,56.30083691865302,140.477
2024-09-16 18:00:00,140.438,140.724,140.417,140.621,71.53119643824174,61.02675597566958,140.529
2024-09-16 18:30:00,140.619,140.902,140.61,140.79,76.60443628987214,64.79290042339913,140.7055
2024-09-16 19:00:00,140.789,140.849,140.714,140.809,77.13879029988324,65.20005614233814,140.7995
2024-09-16 19:30:00,140.809,140.818,140.594,140.631,61.72896414591149,58.38762415871353,140.72
2024-09-16 20:00:00,140.632,140.684,140.593,140.661,63.1754378698892,59.162092424856226,140.64600000000002
2024-09-16 20:30:00,140.66,140.758,140.65,140.662,63.22948412284478,59.18935820748824,140.6615
